<?xml version="1.0" encoding="UTF-8"?>
<kml xmlns="http://www.opengis.net/kml/2.2">
  <Document>
    <name>El camino de la Patrona</name>
    <description/>
    <Style id="icon-123-normal">
      <IconStyle>
        <scale>1.1</scale>
        <Icon>
          <href>https://www.gstatic.com/mapspro/images/stock/123-red-dot.png</href>
        </Icon>
        <hotSpot x="16" xunits="pixels" y="32" yunits="insetPixels"/>
      </IconStyle>
      <LabelStyle>
        <scale>0</scale>
      </LabelStyle>
    </Style>
    <Style id="icon-123-highlight">
      <IconStyle>
        <scale>1.1</scale>
        <Icon>
          <href>https://www.gstatic.com/mapspro/images/stock/123-red-dot.png</href>
        </Icon>
        <hotSpot x="16" xunits="pixels" y="32" yunits="insetPixels"/>
      </IconStyle>
      <LabelStyle>
        <scale>1.1</scale>
      </LabelStyle>
    </Style>
    <StyleMap id="icon-123">
      <Pair>
        <key>normal</key>
        <styleUrl>#icon-123-normal</styleUrl>
      </Pair>
      <Pair>
        <key>highlight</key>
        <styleUrl>#icon-123-highlight</styleUrl>
      </Pair>
    </StyleMap>
    <Style id="icon-1899-7CB342-nodesc-normal">
      <IconStyle>
        <color>ff42b37c</color>
        <scale>1</scale>
        <Icon>
          <href>https://www.gstatic.com/mapspro/images/stock/503-wht-blank_maps.png</href>
        </Icon>
        <hotSpot x="32" xunits="pixels" y="64" yunits="insetPixels"/>
      </IconStyle>
      <LabelStyle>
        <scale>0</scale>
      </LabelStyle>
      <BalloonStyle>
        <text><![CDATA[<h3>$[name]</h3>]]></text>
      </BalloonStyle>
    </Style>
    <Style id="icon-1899-7CB342-nodesc-highlight">
      <IconStyle>
        <color>ff42b37c</color>
        <scale>1</scale>
        <Icon>
          <href>https://www.gstatic.com/mapspro/images/stock/503-wht-blank_maps.png</href>
        </Icon>
        <hotSpot x="32" xunits="pixels" y="64" yunits="insetPixels"/>
      </IconStyle>
      <LabelStyle>
        <scale>1</scale>
      </LabelStyle>
      <BalloonStyle>
        <text><![CDATA[<h3>$[name]</h3>]]></text>
      </BalloonStyle>
    </Style>
    <StyleMap id="icon-1899-7CB342-nodesc">
      <Pair>
        <key>normal</key>
        <styleUrl>#icon-1899-7CB342-nodesc-normal</styleUrl>
      </Pair>
      <Pair>
        <key>highlight</key>
        <styleUrl>#icon-1899-7CB342-nodesc-highlight</styleUrl>
      </Pair>
    </StyleMap>
    <Style id="icon-1899-DB4436-nodesc-normal">
      <IconStyle>
        <color>ff3644db</color>
        <scale>1</scale>
        <Icon>
          <href>https://www.gstatic.com/mapspro/images/stock/503-wht-blank_maps.png</href>
        </Icon>
        <hotSpot x="32" xunits="pixels" y="64" yunits="insetPixels"/>
      </IconStyle>
      <LabelStyle>
        <scale>0</scale>
      </LabelStyle>
      <BalloonStyle>
        <text><![CDATA[<h3>$[name]</h3>]]></text>
      </BalloonStyle>
    </Style>
    <Style id="icon-1899-DB4436-nodesc-highlight">
      <IconStyle>
        <color>ff3644db</color>
        <scale>1</scale>
        <Icon>
          <href>https://www.gstatic.com/mapspro/images/stock/503-wht-blank_maps.png</href>
        </Icon>
        <hotSpot x="32" xunits="pixels" y="64" yunits="insetPixels"/>
      </IconStyle>
      <LabelStyle>
        <scale>1</scale>
      </LabelStyle>
      <BalloonStyle>
        <text><![CDATA[<h3>$[name]</h3>]]></text>
      </BalloonStyle>
    </Style>
    <StyleMap id="icon-1899-DB4436-nodesc">
      <Pair>
        <key>normal</key>
        <styleUrl>#icon-1899-DB4436-nodesc-normal</styleUrl>
      </Pair>
      <Pair>
        <key>highlight</key>
        <styleUrl>#icon-1899-DB4436-nodesc-highlight</styleUrl>
      </Pair>
    </StyleMap>
    <Style id="icon-61-normal">
      <IconStyle>
        <scale>1.1</scale>
        <Icon>
          <href>https://www.gstatic.com/mapspro/images/stock/61-green-dot.png</href>
        </Icon>
        <hotSpot x="16" xunits="pixels" y="32" yunits="insetPixels"/>
      </IconStyle>
      <LabelStyle>
        <scale>0</scale>
      </LabelStyle>
    </Style>
    <Style id="icon-61-highlight">
      <IconStyle>
        <scale>1.1</scale>
        <Icon>
          <href>https://www.gstatic.com/mapspro/images/stock/61-green-dot.png</href>
        </Icon>
        <hotSpot x="16" xunits="pixels" y="32" yunits="insetPixels"/>
      </IconStyle>
      <LabelStyle>
        <scale>1.1</scale>
      </LabelStyle>
    </Style>
    <StyleMap id="icon-61">
      <Pair>
        <key>normal</key>
        <styleUrl>#icon-61-normal</styleUrl>
      </Pair>
      <Pair>
        <key>highlight</key>
        <styleUrl>#icon-61-highlight</styleUrl>
      </Pair>
    </StyleMap>
    <Style id="line-1267FF-5000-nodesc-normal">
      <LineStyle>
        <color>ffff6712</color>
        <width>5</width>
      </LineStyle>
      <BalloonStyle>
        <text><![CDATA[<h3>$[name]</h3>]]></text>
      </BalloonStyle>
    </Style>
    <Style id="line-1267FF-5000-nodesc-highlight">
      <LineStyle>
        <color>ffff6712</color>
        <width>7.5</width>
      </LineStyle>
      <BalloonStyle>
        <text><![CDATA[<h3>$[name]</h3>]]></text>
      </BalloonStyle>
    </Style>
    <StyleMap id="line-1267FF-5000-nodesc">
      <Pair>
        <key>normal</key>
        <styleUrl>#line-1267FF-5000-nodesc-normal</styleUrl>
      </Pair>
      <Pair>
        <key>highlight</key>
        <styleUrl>#line-1267FF-5000-nodesc-highlight</styleUrl>
      </Pair>
    </StyleMap>
    <Style id="line-E65100-5000-normal">
      <LineStyle>
        <color>ff0051e6</color>
        <width>5</width>
      </LineStyle>
    </Style>
    <Style id="line-E65100-5000-highlight">
      <LineStyle>
        <color>ff0051e6</color>
        <width>7.5</width>
      </LineStyle>
    </Style>
    <StyleMap id="line-E65100-5000">
      <Pair>
        <key>normal</key>
        <styleUrl>#line-E65100-5000-normal</styleUrl>
      </Pair>
      <Pair>
        <key>highlight</key>
        <styleUrl>#line-E65100-5000-highlight</styleUrl>
      </Pair>
    </StyleMap>
    <Folder>
      <name>Calera_-_Sopo.gpx</name>
      <Placemark>
        <name>Start of Track 1</name>
        <description><![CDATA[Saturday, June 20, 2026, 6:22 PM GMT-05:00<br>Elevation: 8899 feet]]></description>
        <styleUrl>#icon-61</styleUrl>
        <Point>
          <coordinates>
            -73.9684679,4.7202317,2712.40014648438
          </coordinates>
        </Point>
      </Placemark>
      <Placemark>
        <name>End of Track 1</name>
        <description><![CDATA[Saturday, June 20, 2026, 7:36 PM GMT-05:00<br>Elevation: 8533 feet]]></description>
        <styleUrl>#icon-123</styleUrl>
        <Point>
          <coordinates>
            -73.9400965,4.9076308,2600.70744257159
          </coordinates>
        </Point>
      </Placemark>
      <Placemark>
        <name>Track 1</name>
        <description><![CDATA[Statistics computed from imported data<br><br>Saturday, June 20, 2026, 6:22 PM GMT-05:00<br>Distance: 17.5 miles<br>Duration: 1 hours, 14 minutes, and 5 seconds<br>Average Speed: 14.2 mph<br>Minimum Elevation: 8477 feet<br>Maximum Elevation: 9241 feet<br>Total climb: 780 feet<br>Total descent: 1145 feet]]></description>
        <styleUrl>#line-E65100-5000</styleUrl>
        <LineString>
          <tessellate>1</tessellate>
          <coordinates>
            -73.9684679,4.7202317,2712.40014648438
            -73.9684727,4.7202259,2712.40014648438
            -73.9684775,4.7202195,2712.40014648438
            -73.968481,4.7202158,2712.10009765625
            -73.9685877,4.720191,2712.40014648438
            -73.9687254,4.7199992,2712.40014648438
            -73.9688277,4.7198624,2714.10009765625
            -73.9689007,4.7197954,2714.10009765625
            -73.9690775,4.7199155,2714.10009765625
            -73.9692497,4.7200557,2715.30004882812
            -73.969206,4.7201852,2715.30004882812
            -73.9691226,4.7203238,2715.30004882812
            -73.969071,4.7204624,2715.30004882812
            -73.9691403,4.7205512,2714.30004882812
            -73.9693835,4.7206825,2714.30004882812
            -73.969647,4.7208782,2714.30004882812
            -73.9698633,4.721122,2721.23779295794
            -73.97006,4.7213753,2728.14387435333
            -73.9702038,4.7215848,2728.854379969
            -73.9703186,4.7217215,2728.46713223539
            -73.9705052,4.7219729,2728.42628374183
            -73.9707222,4.7222676,2731.22755525339
            -73.9707341,4.722527,2735.47737048369
            -73.9704727,4.7226888,2737.33269143949
            -73.970142,4.7227724,2740.81651568056
            -73.9699045,4.723007,2743.63486160808
            -73.9698844,4.7233693,2746.7395119816
            -73.9699435,4.7237374,2750.61033239267
            -73.9700751,4.7241432,2754.82374291027
            -73.9699348,4.7244654,2759.12949313365
            -73.9695953,4.7245604,2762.89810002905
            -73.9692788,4.7246101,2765.66325729742
            -73.9690591,4.7248356,2769.22538326292
            -73.9691367,4.725111,2772.1964425552
            -73.9691813,4.7252919,2773.08364130118
            -73.9691797,4.7252894,2772.50024414062
            -73.9691797,4.7252881,2773.00024414062
            -73.9691811,4.7252876,2773.00024414062
            -73.9691854,4.7253092,2772.50024414062
            -73.9692212,4.7255271,2772.50024414062
            -73.9692537,4.7259444,2772.50024414062
            -73.9692925,4.7263215,2773.00024414062
            -73.9693634,4.7266862,2775.95903751381
            -73.9694632,4.7271824,2774.96653658091
            -73.9695362,4.7275775,2772.50024414062
            -73.9695419,4.7278544,2772.50024414062
            -73.969544,4.7282997,2772.50024414062
            -73.9695508,4.7287896,2774.57386455098
            -73.9695956,4.7292659,2780.51178770029
            -73.9696329,4.7297893,2784.25373351429
            -73.9696661,4.7302037,2785.91957676763
            -73.9696878,4.7305834,2785.41354257817
            -73.9696617,4.7309762,2785.28038492366
            -73.9696408,4.731339,2785.86709852545
            -73.9696102,4.7318111,2787.28426924062
            -73.9695732,4.7322284,2790.63234446603
            -73.9695161,4.7326481,2795.0041533899
            -73.9695012,4.7329909,2796.57977523238
            -73.9694721,4.7333375,2797.31178373597
            -73.9694595,4.7336391,2799.91774232422
            -73.9694396,4.7339793,2804.78062993333
            -73.9694454,4.7343139,2807.96498096259
            -73.9694796,4.7346235,2807.29621437283
            -73.9695036,4.7347873,2804.96891981443
            -73.9695201,4.7349262,2804.32114809744
            -73.9695418,4.735266,2801.66909672797
            -73.9695485,4.735678,2800.34711967727
            -73.9695727,4.7360724,2801.09371711658
            -73.9695949,4.7364952,2802.73056027142
            -73.9696227,4.7368487,2805.32014471722
            -73.9695646,4.7372329,2805.35366692417
            -73.9694003,4.7376449,2800.31371660261
            -73.9692452,4.7380501,2800.08084269843
            -73.9690828,4.738435,2800.48917633156
            -73.9689215,4.7388293,2800.24127715079
            -73.9687908,4.7390959,2800.45012265585
            -73.9686172,4.739286,2800.55006912322
            -73.968509,4.7395011,2800.6788006453
            -73.9685075,4.7398355,2801.75956266171
            -73.9685125,4.7401969,2805.98924272656
            -73.9686205,4.7405164,2809.54007395679
            -73.968731,4.7408622,2809.32130266595
            -73.9687016,4.7412741,2810.16540159246
            -73.9686331,4.741666,2813.53861358073
            -73.9686029,4.7420287,2817.8237657251
            -73.9686253,4.7424678,2819.08494907248
            -73.9687445,4.7428849,2818.45693071069
            -73.9688525,4.7432963,2816.90509450313
            -73.9689748,4.7437483,2814.48813944129
            -73.969077,4.7441883,2812.30446871825
            -73.9691664,4.7445928,2812.24321613683
            -73.9692845,4.7449525,2812.18790555972
            -73.9695615,4.7452416,2809.78369570693
            -73.9699645,4.7455532,2806.27550858867
            -73.9702831,4.7458018,2805.25233033086
            -73.9705901,4.7460514,2805.06048754338
            -73.9708786,4.746343,2804.698940245
            -73.9711412,4.7466248,2804.63225941717
            -73.9712331,4.7470062,2804.64655306668
            -73.9713386,4.7473407,2803.35165468528
            -73.9715177,4.7476632,2799.682283393
            -73.971763,4.7479275,2797.65605105323
            -73.9718884,4.7482378,2796.56073794893
            -73.9720176,4.7485638,2795.99622105931
            -73.9721777,4.7489995,2791.99643562352
            -73.9722918,4.7493518,2787.6405199136
            -73.9723644,4.7497348,2783.89192950999
            -73.9725233,4.7500523,2783.66378398315
            -73.9727174,4.7503635,2783.39418123084
            -73.9729279,4.7505893,2783.14776227085
            -73.973127,4.7507772,2781.86862678007
            -73.9732517,4.7510397,2781.88207892046
            -73.9733593,4.7513768,2782.2863136562
            -73.9734944,4.7516729,2782.854541393
            -73.9736792,4.7519927,2782.245495146
            -73.9738857,4.7522828,2780.21170327786
            -73.9741,4.7525507,2778.14854838478
            -73.9742088,4.7529109,2777.43833362029
            -73.9743059,4.7532957,2776.41176037808
            -73.9743676,4.7537169,2773.15387128619
            -73.9744834,4.7541398,2770.73481833817
            -73.9746335,4.754571,2768.57542268021
            -73.9747429,4.7549657,2764.48018671247
            -73.9748252,4.75527,2761.36278240325
            -73.9749632,4.7556203,2758.48224773694
            -73.974983,4.7558961,2758.13559192622
            -73.9749657,4.7560856,2758.67245280478
            -73.975081,4.7562779,2758.64124779816
            -73.9751489,4.7564489,2756.24893331567
            -73.9751958,4.7566127,2755.3280314603
            -73.9752771,4.756783,2753.94848550156
            -73.9753695,4.75701,2750.65814638846
            -73.9754046,4.7573145,2747.32149518405
            -73.9753978,4.7576195,2746.9856928154
            -73.9755007,4.757961,2747.25193268987
            -73.9755391,4.7582251,2749.32694675379
            -73.9755589,4.7585253,2749.11932094255
            -73.9756604,4.7586989,2747.73355108793
            -73.9758428,4.7588808,2747.42643792003
            -73.9760043,4.7590363,2746.80294956183
            -73.9761306,4.7591715,2745.75534375358
            -73.9763189,4.7592537,2744.39870174713
            -73.9765711,4.7591689,2742.94326575171
            -73.9768965,4.7590893,2741.66365610602
            -73.9771393,4.7590354,2742.12554452814
            -73.9772656,4.7590114,2744.17659831856
            -73.9774369,4.7589718,2745.42762668218
            -73.9775807,4.7589577,2745.73466847783
            -73.9777269,4.7589442,2744.90946756086
            -73.9778541,4.7589228,2743.40731116743
            -73.9779583,4.7588999,2742.52242548869
            -73.9780626,4.7588881,2741.26403557695
            -73.9781501,4.7588777,2739.49932089784
            -73.9782215,4.7588658,2737.85562568635
            -73.9783153,4.7588501,2736.30307623061
            -73.9784807,4.7588314,2734.11244014333
            -73.9785323,4.758698,2733.33410642392
            -73.9784862,4.7584859,2733.15777406228
            -73.9784801,4.7583282,2733.87813529091
            -73.9785217,4.758166,2734.45882905252
            -73.9787016,4.7580477,2735.77876693486
            -73.9788845,4.7579169,2736.03681348902
            -73.9790498,4.7576876,2735.70671587894
            -73.9791668,4.7575534,2737.3667746211
            -73.9792262,4.757773,2740.00248329657
            -73.9792485,4.7580588,2740.41810848886
            -73.9792835,4.7583394,2740.68617360199
            -73.9793745,4.758606,2741.38385552814
            -73.9795803,4.7588021,2741.46862906163
            -73.9797825,4.7587742,2744.42706904554
            -73.9799108,4.7587365,2749.90014648438
            -73.9801227,4.7586814,2749.90014648438
            -73.9803807,4.7586194,2747.07979729465
            -73.9804932,4.7587751,2747.20199249274
            -73.9806078,4.7590487,2747.62080334285
            -73.9807002,4.7592699,2748.05866703414
            -73.980811,4.7594367,2747.16425433115
            -73.9809392,4.7596164,2744.98359446467
            -73.9810148,4.7597401,2742.25793254774
            -73.9810308,4.7598259,2740.98911268699
            -73.9810713,4.7599562,2739.02299220166
            -73.981118,4.760135,2736.25081009142
            -73.9811765,4.7603023,2734.01042653226
            -73.9812182,4.76043,2731.73656556604
            -73.9812318,4.760545,2729.85774837026
            -73.9812569,4.7606765,2728.14957299104
            -73.9812892,4.7608199,2725.57943679889
            -73.9813296,4.7609445,2723.18870832466
            -73.9814168,4.761101,2720.82132265674
            -73.9815029,4.7612613,2717.61009135187
            -73.9816224,4.7614898,2712.38059040918
            -73.9817223,4.7616144,2708.08787659611
            -73.9819409,4.7615984,2704.19380689598
            -73.9821196,4.7615776,2703.87975456914
            -73.9823053,4.7615703,2705.43825202872
            -73.9824583,4.7616619,2705.53446426904
            -73.9825782,4.761842,2705.30864380176
            -73.9827412,4.7620451,2705.28883579367
            -73.9828606,4.7623024,2705.56332225585
            -73.9829103,4.7624827,2706.17741132287
            -73.9829026,4.7626646,2705.65331616964
            -73.9828921,4.7628179,2702.87487520974
            -73.9828853,4.7629464,2699.28573415803
            -73.9828746,4.7631025,2696.90228619552
            -73.9828432,4.7633213,2694.09329564301
            -73.9827985,4.763517,2689.33557599506
            -73.9828261,4.7636905,2687.49986783065
            -73.9828885,4.7638667,2687.40203998395
            -73.9830253,4.7639842,2687.63359585053
            -73.9831751,4.764084,2687.67030649951
            -73.9833376,4.764153,2687.7320005728
            -73.9834949,4.7641632,2687.33671028628
            -73.9836965,4.7641858,2684.9187230799
            -73.983996,4.764231,2681.18342657422
            -73.9842215,4.764266,2680.81790265415
            -73.9843769,4.7643312,2680.75409808656
            -73.9844676,4.7644534,2680.52992319649
            -73.9844105,4.7646034,2679.76662648508
            -73.9843404,4.764811,2676.98122577945
            -73.9843408,4.7650223,2674.90014648438
            -73.9843114,4.7651449,2671.95811007461
            -73.9843331,4.7652617,2671.4091791035
            -73.9843404,4.7654703,2669.60995629604
            -73.9843183,4.7656526,2667.50024414062
            -73.9843092,4.7658691,2664.84190713674
            -73.9843268,4.7661053,2662.72392990241
            -73.9844486,4.7660884,2660.88156934001
            -73.9845042,4.7657925,2660.05679997106
            -73.9845072,4.7655569,2659.39850121381
            -73.9846713,4.7654335,2658.05603396325
            -73.9848942,4.7653396,2656.2923786764
            -73.9851302,4.7652397,2654.507849202
            -73.9853114,4.7651851,2652.27464738339
            -73.9854553,4.7652323,2650.54009622403
            -73.9856165,4.7653423,2647.65539164107
            -73.9858353,4.7654635,2645.54972102153
            -73.9860497,4.7655872,2643.63359864925
            -73.9862928,4.7657249,2643.52122935832
            -73.9864283,4.7658017,2645.59818958064
            -73.9865921,4.7659396,2646.26700730104
            -73.9866826,4.7660096,2643.79713663678
            -73.9867784,4.7660401,2641.74647477124
            -73.9870169,4.7659087,2642.09745878609
            -73.9870542,4.7657694,2642.2001953125
            -73.9873182,4.7656448,2645.68251916202
            -73.9876384,4.7655785,2647.94741144286
            -73.9878121,4.7653741,2649.80004882812
            -73.9879738,4.7651093,2649.80004882812
            -73.9881508,4.7648279,2647.43348254854
            -73.9883132,4.7645725,2645.79661596119
            -73.9884866,4.7644164,2644.68594650904
            -73.9887421,4.7643523,2644.68020266113
            -73.9889188,4.7643277,2645.22755873336
            -73.9892321,4.7642854,2645.68073231062
            -73.9895283,4.7642465,2646.25528977649
            -73.9898394,4.7642235,2646.80449778895
            -73.9900756,4.7642079,2647.53570765028
            -73.9903432,4.7642114,2647.6025137782
            -73.9906686,4.764218,2647.78428934908
            -73.9910418,4.7641778,2647.91179947314
            -73.9914403,4.7640346,2648.10964605736
            -73.991831,4.7638674,2649.80004882812
            -73.9922051,4.7637665,2649.80004882812
            -73.9925707,4.7638131,2649.80004882812
            -73.9929409,4.7638827,2649.80004882812
            -73.9932593,4.7639912,2649.80004882812
            -73.9935279,4.7640622,2649.80004882812
            -73.9937126,4.7641367,2651.78404637235
            -73.9939113,4.7642098,2651.98439873648
            -73.9941101,4.7642796,2652.07584477285
            -73.9943169,4.7643292,2652.58047353677
            -73.9945261,4.7644042,2652.75301720365
            -73.9947752,4.7644699,2652.30004882812
            -73.9949249,4.7645187,2652.30004882812
            -73.9950175,4.7645584,2652.30004882812
            -73.9950446,4.7645671,2652.30004882812
            -73.9950469,4.7645616,2652.30004882812
            -73.9951703,4.7645789,2652.30004882812
            -73.995193,4.7645931,2652.30004882812
            -73.9951916,4.7646014,2652.30004882812
            -73.9951932,4.7646008,2652.30004882812
            -73.9951932,4.7646004,2652.30004882812
            -73.9951934,4.7645994,2652.30004882812
            -73.9952519,4.7646162,2652.40014648438
            -73.9954632,4.7647036,2652.40014648438
            -73.9957369,4.7648,2652.40014648438
            -73.9960132,4.7649366,2652.40014648438
            -73.9962768,4.7651643,2654.41975681395
            -73.9965451,4.7653684,2655.97826128827
            -73.9966788,4.7654558,2657.1330754788
            -73.9966761,4.7655089,2657.5091506156
            -73.9966767,4.7655109,2657.90257467578
            -73.9965953,4.7654936,2658.07688317109
            -73.996359,4.7653614,2657.44938768195
            -73.9960442,4.7652354,2658.31530914324
            -73.9957218,4.7651622,2658.99929968396
            -73.9954033,4.7652574,2662.80004882812
            -73.995114,4.7654438,2665.20155820596
            -73.9948495,4.7655857,2669.63380181041
            -73.9946329,4.7657739,2675.26008204427
            -73.9944561,4.7660022,2676.90979679339
            -73.9943351,4.7661108,2678.13512356039
            -73.9941299,4.7662696,2679.37346555869
            -73.9938719,4.766461,2681.00835971664
            -73.9935831,4.7666544,2681.85435386792
            -73.9931973,4.7667766,2683.75492010156
            -73.9928197,4.7668855,2687.83698135299
            -73.9926256,4.7670583,2690.15696194714
            -73.9925411,4.7672793,2691.25624060211
            -73.9924362,4.7675533,2690.59566435891
            -73.9923666,4.7678552,2685.73616409336
            -73.9922741,4.7682465,2680.02605049725
            -73.9921335,4.7685854,2678.2837582837
            -73.9919943,4.7688943,2675.74023531329
            -73.9918803,4.7691253,2674.00836199103
            -73.9915948,4.7693569,2671.33095106655
            -73.9913374,4.7696695,2665.04950755896
            -73.9909549,4.7698512,2664.92268972079
            -73.9905529,4.7699888,2665.12970449816
            -73.9901272,4.7700948,2665.31055775456
            -73.9897124,4.7702416,2666.62599721271
            -73.9893404,4.7703965,2668.02938484431
            -73.9890326,4.7706119,2668.16546953695
            -73.9887567,4.7708438,2667.87684888621
            -73.9885049,4.7710466,2667.9412297342
            -73.9882522,4.7712418,2668.82336992478
            -73.9879848,4.7714859,2668.60407351188
            -73.9877249,4.7717405,2667.00744315029
            -73.9875031,4.7719706,2665.94640758742
            -73.9873312,4.772162,2664.20344359005
            -73.987108,4.7723909,2663.81171471525
            -73.9869255,4.7726398,2663.1033211533
            -73.9867092,4.7729089,2661.09222491263
            -73.986489,4.773205,2658.54981931454
            -73.9863112,4.7734504,2656.84233287009
            -73.9861218,4.7737031,2655.88651648231
            -73.9859477,4.7739401,2655.37959628617
            -73.9857453,4.7742199,2654.65448254838
            -73.9855489,4.7745008,2650.73624042473
            -73.9853443,4.7747595,2648.11128161887
            -73.985169,4.7749857,2646.84450400397
            -73.9850133,4.7752584,2645.70593371258
            -73.9847901,4.7755311,2645.83854577892
            -73.9846338,4.7757041,2646.63259602299
            -73.9845989,4.7757411,2648.32927623274
            -73.9845773,4.7757719,2648.69597793534
            -73.9845765,4.7757708,2648.74656628184
            -73.9845541,4.775806,2648.61727873028
            -73.9844596,4.7759348,2648.01020740315
            -73.9843662,4.7761044,2646.73490718171
            -73.9842281,4.7763391,2643.79270944907
            -73.9840895,4.7765643,2641.30368851788
            -73.9839243,4.7768327,2640.7706496639
            -73.9837836,4.7770602,2640.80999707901
            -73.9836338,4.777339,2641.10820451021
            -73.9834913,4.777616,2642.01192710903
            -73.9833469,4.7778783,2642.83070547898
            -73.9832204,4.7781424,2643.46685762521
            -73.9831087,4.7783637,2643.99377582234
            -73.9830073,4.7786329,2643.63951729393
            -73.9829324,4.7788833,2642.67824400892
            -73.9827839,4.7791695,2637.91755812019
            -73.982579,4.7794369,2637.11463421343
            -73.9824128,4.7796848,2638.24657077589
            -73.9823284,4.7798103,2639.06316979408
            -73.9823261,4.7798134,2639.41709606857
            -73.9823256,4.7798137,2639.52168466411
            -73.982324,4.779817,2639.59324259073
            -73.9822377,4.7799593,2639.53508488091
            -73.9820887,4.7802292,2636.80004882812
            -73.9818988,4.7805417,2636.80004882812
            -73.981698,4.7808485,2633.32748539947
            -73.9815731,4.7810859,2633.57718185702
            -73.9813627,4.7813926,2633.40041455992
            -73.9811432,4.7817778,2632.18510034113
            -73.9809356,4.7821852,2630.86225998037
            -73.9806973,4.7825909,2630.48410088006
            -73.9805731,4.7827941,2632.19986878185
            -73.980455,4.7830613,2631.31883397016
            -73.9803404,4.7833818,2630.58341815264
            -73.9802005,4.7836685,2630.28447303491
            -73.9800134,4.7839445,2629.96053723634
            -73.9798299,4.7842027,2629.30805614463
            -73.9796276,4.7844646,2628.9769568237
            -73.9794449,4.7847176,2628.38474667709
            -73.9792922,4.784925,2627.16863342518
            -73.9791123,4.7851169,2626.68058167501
            -73.978909,4.7853186,2624.74787381741
            -73.9786842,4.7855104,2622.97294234758
            -73.9784396,4.7856917,2619.60009765625
            -73.9782101,4.7858633,2619.60009765625
            -73.9780295,4.7859365,2619.60009765625
            -73.9777733,4.7859681,2619.60009765625
            -73.9774568,4.7859784,2619.60009765625
            -73.9771131,4.7861013,2616.60009765625
            -73.976811,4.7864387,2616.60009765625
            -73.9765213,4.7868353,2616.60009765625
            -73.9762094,4.7872566,2616.60009765625
            -73.9758741,4.787702,2616.60009765625
            -73.9755361,4.7881773,2616.60009765625
            -73.9752053,4.788656,2619.60009765625
            -73.9748967,4.7891323,2619.60009765625
            -73.9746455,4.7895358,2619.60009765625
            -73.9744263,4.7899098,2619.60009765625
            -73.9741787,4.7903394,2619.60009765625
            -73.9740156,4.7906381,2619.60009765625
            -73.9739067,4.790796,2619.60009765625
            -73.9737352,4.791101,2619.60009765625
            -73.9735664,4.7914385,2619.60009765625
            -73.9733766,4.7917685,2619.60009765625
            -73.9732285,4.7920848,2619.60009765625
            -73.9730084,4.7924638,2619.60009765625
            -73.9728077,4.7928691,2619.60009765625
            -73.9726224,4.7933183,2620.0324182724
            -73.9724734,4.793701,2620.22439169837
            -73.9723347,4.7940695,2619.79709711684
            -73.9722045,4.7944833,2619.07077783936
            -73.9720523,4.7948956,2618.30441552573
            -73.9719198,4.7953646,2619.11922523126
            -73.9718255,4.7956915,2620.73706501656
            -73.9717622,4.7960594,2620.99332628794
            -73.9716996,4.7964104,2620.50783308291
            -73.9716312,4.7967772,2619.80004882812
            -73.9715611,4.7971568,2618.05628981717
            -73.9715364,4.7974528,2615.91480197974
            -73.971593,4.797641,2614.541403706
            -73.9716924,4.797842,2614.1461077354
            -73.9717969,4.7980786,2614.12694249274
            -73.9718672,4.798401,2615.98271721866
            -73.9718802,4.7987634,2616.20962841876
            -73.9718965,4.7991271,2616.07570340175
            -73.9719095,4.7994369,2615.67728329963
            -73.9719392,4.799774,2615.54114252217
            -73.9719345,4.8001417,2616.08691549146
            -73.9719266,4.8004837,2616.75484497462
            -73.9719097,4.800859,2617.74750572557
            -73.97183,4.8012107,2617.95113368937
            -73.971765,4.8014573,2619.80004882812
            -73.9716963,4.8018487,2619.80004882812
            -73.9716312,4.802246,2619.80004882812
            -73.9715522,4.802553,2619.80004882812
            -73.9713556,4.802924,2619.80004882812
            -73.971066,4.8032978,2619.80004882812
            -73.9708437,4.8036639,2622.09306127169
            -73.9708445,4.8041184,2623.95817577906
            -73.9708186,4.804534,2624.90884856238
            -73.9707863,4.8049838,2625.92889425519
            -73.9707541,4.8053964,2627.57645327767
            -73.970752,4.8057909,2628.16929850491
            -73.9707284,4.8061947,2628.05993504659
            -73.9707225,4.8065792,2627.90011016247
            -73.9707167,4.8069855,2626.94061132957
            -73.9707452,4.8073391,2625.86070360437
            -73.9707741,4.8077013,2625.88433708462
            -73.9709245,4.8080534,2625.00414919279
            -73.971193,4.8083734,2622.85091609803
            -73.9713807,4.8087147,2621.80966575761
            -73.9716394,4.8089784,2621.62662424678
            -73.9718429,4.8092989,2620.84554981983
            -73.9719427,4.8097926,2620.05832031728
            -73.9720623,4.8102111,2620.18916707236
            -73.9722923,4.810627,2621.06626936209
            -73.9723338,4.8109498,2622.34734886235
            -73.972164,4.8112922,2623.54820658764
            -73.9719907,4.8116996,2621.11730100447
            -73.9719619,4.8121712,2621.04363881694
            -73.9720388,4.8127572,2620.84213763101
            -73.9721119,4.8133535,2621.81098571809
            -73.972191,4.8139591,2622.70469757236
            -73.9722762,4.8145602,2623.12636079664
            -73.9723607,4.8152349,2623.34954629653
            -73.9724518,4.8159003,2622.46442289946
            -73.9726529,4.8164719,2620.45165216498
            -73.972801,4.8169887,2619.7768780881
            -73.9727427,4.8173302,2620.64102371351
            -73.9726548,4.8177918,2619.30980417975
            -73.972566,4.8183296,2617.76932034871
            -73.9724451,4.8189488,2613.39535558765
            -73.9722646,4.8195482,2612.20279449848
            -73.9720809,4.820144,2611.59956177576
            -73.9718552,4.8207896,2611.2939628856
            -73.9716848,4.8214799,2609.2871515106
            -73.9715842,4.8221837,2609.5473541787
            -73.9714144,4.8229337,2608.09318946702
            -73.9712741,4.8235186,2605.93923649095
            -73.9711868,4.8238819,2606.47909172229
            -73.971051,4.8243914,2605.85489195173
            -73.9708949,4.8250237,2602.16743119391
            -73.9707371,4.8256532,2599.33706743115
            -73.9705553,4.8263031,2597.14799443591
            -73.9703674,4.8269642,2594.48256308536
            -73.9702191,4.8276446,2592.75446119648
            -73.9701709,4.828366,2592.05346796409
            -73.9700731,4.8290895,2591.49224911725
            -73.9699414,4.8298185,2591.30748144688
            -73.9698011,4.8305401,2591.20757374589
            -73.9696937,4.8311291,2593.7825864722
            -73.9695828,4.8317232,2594.16351188078
            -73.9694653,4.8323518,2594.75677647342
            -73.9693726,4.8328495,2593.59164479821
            -73.9693232,4.8331843,2595.28295864882
            -73.9692067,4.8337123,2594.36027467764
            -73.9690435,4.8343204,2593.24953387023
            -73.9689657,4.8349774,2593.7969491571
            -73.9688853,4.8356002,2593.84012790108
            -73.968822,4.8360253,2595.0347586234
            -73.9687774,4.8363949,2594.76925798002
            -73.9687119,4.8369319,2593.75311914675
            -73.9686205,4.8375364,2592.60430824574
            -73.9685362,4.838192,2592.22451456572
            -73.968434,4.838887,2592.66403401166
            -73.9683614,4.8395827,2594.5321431714
            -73.9682933,4.8402843,2596.02394175194
            -73.9682563,4.8409202,2598.5602226685
            -73.9682177,4.8416196,2598.45837731282
            -73.968199,4.8422221,2596.77701889279
            -73.9685116,4.8427129,2597.18794270393
            -73.9686324,4.8432778,2599.11271773035
            -73.9687686,4.8438913,2599.49232577798
            -73.9689141,4.8445805,2597.53614323741
            -73.9690176,4.8452422,2596.79096104819
            -73.9691396,4.8459231,2596.76429763421
            -73.9691974,4.8465802,2595.22115344698
            -73.969001,4.8472218,2593.61104458685
            -73.9686143,4.8477217,2596.01891772854
            -73.9681964,4.8482484,2596.11968621106
            -73.9679298,4.8488818,2596.47723375276
            -73.9677541,4.8495188,2596.86441903902
            -73.9674549,4.8501174,2596.8892122722
            -73.9671331,4.8506882,2598.97655407039
            -73.9669348,4.851215,2605.03396636359
            -73.9668095,4.8515873,2610.59605519382
            -73.9665351,4.8519174,2612.87120714468
            -73.9664185,4.8523001,2617.36078728973
            -73.9662822,4.8526939,2621.1981162874
            -73.9662011,4.8531977,2623.86907647433
            -73.9660619,4.8537277,2618.38817469722
            -73.965788,4.8542486,2616.73926313308
            -73.9654057,4.8548283,2610.65706762701
            -73.9650194,4.8554202,2610.15486743964
            -73.9646563,4.8560485,2611.06326675799
            -73.9643969,4.8564784,2610.24277963978
            -73.9641942,4.8569077,2610.50030522681
            -73.9640584,4.857521,2607.7841243671
            -73.9638929,4.8580845,2606.03690646258
            -73.9638921,4.8585711,2610.09135253789
            -73.9639067,4.8589767,2610.5200160341
            -73.9639738,4.8595387,2609.6963947931
            -73.964174,4.8601922,2605.45681606007
            -73.964356,4.860831,2599.05085339148
            -73.9642825,4.8613839,2600.24758323562
            -73.9640858,4.861775,2608.05181851053
            -73.9639877,4.8621104,2614.15965530214
            -73.9640412,4.8624509,2621.42670757252
            -73.9641009,4.8627483,2623.02248633231
            -73.9641051,4.8628707,2622.76293140126
            -73.9641113,4.8628788,2622.604362316
            -73.9641116,4.8628802,2623.16443548904
            -73.9641113,4.8628807,2623.2220773213
            -73.9641122,4.8629026,2623.0957245407
            -73.9641125,4.8629287,2622.67649583168
            -73.9641107,4.8629307,2622.65133077722
            -73.9641446,4.8631245,2622.85703315653
            -73.9642039,4.8634741,2622.28545211778
            -73.9641874,4.8639705,2619.22896795373
            -73.9641496,4.8646123,2612.50178635099
            -73.9641157,4.8652058,2610.17211914062
            -73.9640791,4.8657753,2610.15666817642
            -73.9640508,4.8664027,2609.00325158888
            -73.9640109,4.8668559,2609.25791396989
            -73.9639711,4.8672923,2610.9673359349
            -73.9639095,4.8678768,2612.24380677048
            -73.9638671,4.8684595,2616.07537699883
            -73.9638942,4.8690152,2622.02620437927
            -73.9639884,4.8696859,2620.20974171776
            -73.9640973,4.8702865,2616.4707048336
            -73.9645179,4.8705005,2612.1763196016
            -73.9646652,4.8708292,2609.12620122599
            -73.9647686,4.8713331,2609.30249962409
            -73.965064,4.8717582,2608.77648614001
            -73.9652784,4.8721626,2601.67505905197
            -73.9651531,4.8727193,2601.17579566152
            -73.9649893,4.873394,2598.95111034849
            -73.9648262,4.8740902,2596.84433854151
            -73.9646543,4.8748299,2596.38617003103
            -73.9644962,4.8754882,2596.60179872811
            -73.9644111,4.8758572,2599.47369199156
            -73.9642701,4.8763317,2601.11430165042
            -73.9641746,4.8767265,2601.99482600958
            -73.9640467,4.8771733,2603.50171016829
            -73.9639102,4.8777331,2604.40484891976
            -73.9637668,4.8783159,2607.38615961951
            -73.9637114,4.8789511,2606.64617402942
            -73.9636985,4.8794257,2604.86624123117
            -73.9636844,4.8799082,2604.32375828324
            -73.9636821,4.8805798,2599.90305512702
            -73.9636803,4.8813488,2590.85541065522
            -73.9636793,4.8820797,2588.55430805413
            -73.9636552,4.882452,2588.93954874436
            -73.9636396,4.8829253,2589.61706103885
            -73.9636098,4.8835448,2589.27384112567
            -73.9636476,4.8842281,2588.64855412713
            -73.9637567,4.8849019,2588.15615330081
            -73.9638813,4.8856244,2586.38797358249
            -73.963904,4.8862434,2584.00252094016
            -73.9635441,4.8866811,2583.96345700432
            -73.9632451,4.8873218,2583.14615141118
            -73.9630928,4.8879929,2582.92431640625
            -73.962855,4.8883205,2584.05552381096
            -73.9625749,4.8884382,2585.05706050898
            -73.9623328,4.888539,2585.79922143115
            -73.962099,4.8886641,2586.66857215273
            -73.9619301,4.8887509,2586.18148719624
            -73.9619052,4.8887656,2586.05577791741
            -73.9619004,4.8887679,2586.34890821025
            -73.9619006,4.888768,2586.44378156496
            -73.9617944,4.8888247,2586.39355436444
            -73.9615328,4.8888978,2586.06987499759
            -73.961123,4.8889712,2585.99174732039
            -73.9605911,4.8890785,2586.24122593416
            -73.9599493,4.8891945,2587.03574853467
            -73.9592673,4.8893196,2587.18083409989
            -73.9585929,4.8895076,2586.84084513884
            -73.9579074,4.8897946,2586.54335590401
            -73.9571968,4.8900627,2585.82946284027
            -73.9564487,4.8903618,2585.41432462041
            -73.9556712,4.8906683,2585.3571219771
            -73.9549059,4.8909682,2584.95432219216
            -73.954109,4.8912314,2584.71377988059
            -73.9533217,4.8914987,2584.68357749756
            -73.9525831,4.8917546,2584.59353491808
            -73.9518599,4.8919927,2585.31913541978
            -73.9511079,4.8922454,2583.5023663745
            -73.9503935,4.8924795,2583.48055092603
            -73.9496849,4.8926267,2584.77091593018
            -73.9489545,4.8927658,2585.18611631127
            -73.948206,4.892936,2585.81979980632
            -73.9474607,4.8930965,2585.35838128074
            -73.9467442,4.8932453,2585.37707523254
            -73.9463281,4.8933297,2587.15574064263
            -73.9461659,4.8933496,2590.17902123634
            -73.9461362,4.8935952,2591.74052323859
            -73.9461201,4.894069,2591.1273616003
            -73.9459574,4.8946245,2591.02126898101
            -73.9456304,4.8951902,2591.31721481723
            -73.9453961,4.8958336,2592.606999004
            -73.9452117,4.8965175,2593.36086343624
            -73.9449869,4.8971984,2594.58725659668
            -73.9445404,4.8978504,2594.95239158268
            -73.9439569,4.8982939,2595.60646917275
            -73.9434215,4.8986984,2596.19447653966
            -73.9430711,4.8991674,2595.81173573352
            -73.9428019,4.8997696,2594.80686675772
            -73.9425742,4.9001828,2594.36644386127
            -73.9423535,4.9005525,2594.30956534849
            -73.9422957,4.9008791,2594.48016000144
            -73.9422996,4.9013001,2593.94812005166
            -73.9423213,4.9017497,2593.20627944021
            -73.9421512,4.9021436,2593.96713679435
            -73.941849,4.9026264,2594.50026719305
            -73.9415714,4.9031197,2594.30700935276
            -73.9414232,4.903545,2593.74001631514
            -73.9413829,4.9037971,2594.40722345903
            -73.941343,4.9041185,2594.7702343323
            -73.9412936,4.9045377,2595.252307506
            -73.9412631,4.9048654,2595.51417186026
            -73.9412413,4.9051024,2595.28552468112
            -73.941216,4.9053359,2595.36125638405
            -73.9411605,4.9055887,2595.32700888038
            -73.9411138,4.9058808,2596.06623306515
            -73.9410612,4.9061328,2596.56257504113
            -73.9410097,4.9064953,2596.58168705256
            -73.9409768,4.9067134,2596.4330441648
            -73.9410978,4.9067484,2596.72560653565
            -73.94133,4.9067925,2596.70507315206
            -73.9416466,4.9068307,2595.84964738179
            -73.9418322,4.9068895,2594.72787737094
            -73.9418474,4.9069873,2595.06799364088
            -73.9418325,4.9070343,2594.91285699667
            -73.9418061,4.9071724,2594.78928691543
            -73.9418246,4.9072052,2594.49686972552
            -73.9418353,4.9070566,2594.7476180372
            -73.9418876,4.9068046,2595.04520363797
            -73.9419368,4.9065359,2594.20016065835
            -73.941975,4.9063589,2593.89358140184
            -73.942003,4.9062067,2593.69737249513
            -73.9419093,4.9061088,2593.49401397307
            -73.9416226,4.9060273,2594.30182192082
            -73.9412655,4.905933,2594.54409210516
            -73.9411563,4.9059381,2595.88184196351
            -73.9411256,4.9059626,2596.55262884105
            -73.9410653,4.9061522,2596.48107335561
            -73.9410125,4.9064379,2596.88162751008
            -73.9409766,4.9066415,2596.95924939615
            -73.940846,4.9067255,2596.77392187787
            -73.9405224,4.9066672,2597.13691145947
            -73.9402887,4.9066227,2598.17888117749
            -73.9402369,4.9067267,2600.01635602215
            -73.9401878,4.9069353,2599.80944229323
            -73.9401768,4.9070761,2600.45343020676
            -73.9401476,4.907186,2600.72599673004
            -73.9401303,4.9073061,2600.80121325708
            -73.9400979,4.9074803,2601.01258399526
            -73.9400701,4.9076125,2601.15527695859
            -73.9400265,4.9077671,2601.38661197867
            -73.9399729,4.9079852,2601.62346805463
            -73.939964,4.908047,2602.24561415206
            -73.9399676,4.9080343,2602.33018179492
            -73.9399864,4.9080493,2602.33461902064
            -73.9399886,4.9080526,2602.47792173949
            -73.9399689,4.9080609,2602.27972028988
            -73.9399798,4.9081185,2602.2682052081
            -73.9400434,4.9081862,2602.37023822937
            -73.9402517,4.9082298,2601.93332031371
            -73.9404763,4.9082835,2600.82133869658
            -73.9406263,4.9082467,2599.6399800693
            -73.9406752,4.9080139,2598.64592188166
            -73.9407307,4.9077846,2598.80251636763
            -73.9406948,4.9076675,2598.66858336689
            -73.9406289,4.9076526,2598.71760368246
            -73.9404153,4.9076016,2598.81045820737
            -73.9401991,4.907554,2599.46220602912
            -73.9400962,4.907619,2600.66474709927
            -73.940107,4.9076394,2601.45050471858
            -73.9401079,4.9076373,2601.30546365827
            -73.9401018,4.9076344,2601.11516695179
            -73.9400984,4.9076321,2601.04174416992
            -73.9400968,4.9076311,2601.42405768105
            -73.9400965,4.9076308,2600.70744257159
          </coordinates>
        </LineString>
      </Placemark>
    </Folder>
    <Folder>
      <name>Sopó - Nemocón</name>
      <Placemark>
        <name>Sopó - Nemocón</name>
        <styleUrl>#line-1267FF-5000-nodesc</styleUrl>
        <LineString>
          <tessellate>1</tessellate>
          <coordinates>
            -73.94144,4.90865,0
            -73.94061,4.90844,0
            -73.94038,4.90939,0
            -73.94022,4.90936,0
            -73.93747,4.90854,0
            -73.93732,4.90848,0
            -73.93729,4.9085,0
            -73.93728,4.90852,0
            -73.93727,4.90852,0
            -73.93727,4.90853,0
            -73.93726,4.90854,0
            -73.93726,4.90855,0
            -73.93725,4.90856,0
            -73.93725,4.90858,0
            -73.93724,4.9086,0
            -73.93724,4.90864,0
            -73.93718,4.90898,0
            -73.93683,4.90889,0
            -73.93647,4.90888,0
            -73.93604,4.90892,0
            -73.93584,4.90898,0
            -73.93577,4.90898,0
            -73.93573,4.90899,0
            -73.93562,4.909,0
            -73.93559,4.90901,0
            -73.93546,4.90903,0
            -73.93542,4.90905,0
            -73.93541,4.90905,0
            -73.93539,4.90906,0
            -73.93527,4.90916,0
            -73.93514,4.90925,0
            -73.93475,4.90959,0
            -73.93468,4.90964,0
            -73.93464,4.90966,0
            -73.93463,4.90966,0
            -73.93458,4.90968,0
            -73.93442,4.90971,0
            -73.93432,4.90975,0
            -73.93426,4.90979,0
            -73.93419,4.90981,0
            -73.93386,4.90981,0
            -73.93378,4.9098,0
            -73.93377,4.90981,0
            -73.93375,4.90981,0
            -73.93373,4.90982,0
            -73.93372,4.90984,0
            -73.93368,4.91,0
            -73.93367,4.91001,0
            -73.93367,4.91002,0
            -73.93366,4.91003,0
            -73.93366,4.91004,0
            -73.93362,4.91006,0
            -73.93359,4.91006,0
            -73.93355,4.91005,0
            -73.93347,4.91001,0
            -73.93337,4.90998,0
            -73.93336,4.90997,0
            -73.93332,4.90997,0
            -73.93331,4.90996,0
            -73.93323,4.90996,0
            -73.93322,4.90997,0
            -73.93321,4.90997,0
            -73.93321,4.90998,0
            -73.9332,4.91,0
            -73.9332,4.91004,0
            -73.93321,4.91006,0
            -73.93321,4.91014,0
            -73.9332,4.91016,0
            -73.9332,4.91018,0
            -73.93319,4.91019,0
            -73.93318,4.91021,0
            -73.93317,4.91021,0
            -73.93316,4.91022,0
            -73.9331,4.91022,0
            -73.93307,4.91019,0
            -73.93306,4.91017,0
            -73.93305,4.91016,0
            -73.93303,4.91015,0
            -73.93301,4.91013,0
            -73.93298,4.91012,0
            -73.93293,4.91012,0
            -73.93291,4.91013,0
            -73.93288,4.91017,0
            -73.93282,4.91023,0
            -73.93278,4.91025,0
            -73.93276,4.91025,0
            -73.93273,4.91026,0
            -73.93271,4.91026,0
            -73.93264,4.91028,0
            -73.93262,4.91028,0
            -73.93258,4.91031,0
            -73.93162,4.91084,0
            -73.93161,4.91084,0
            -73.93145,4.91092,0
            -73.93144,4.91092,0
            -73.93113,4.91111,0
            -73.93102,4.91119,0
            -73.93099,4.91122,0
            -73.93099,4.91123,0
            -73.93098,4.91125,0
            -73.93097,4.91126,0
            -73.93094,4.91134,0
            -73.93092,4.91137,0
            -73.93092,4.91138,0
            -73.9309,4.9114,0
            -73.93089,4.91142,0
            -73.9307,4.91161,0
            -73.93046,4.91191,0
            -73.93031,4.91202,0
            -73.9303,4.91202,0
            -73.93029,4.91203,0
            -73.92984,4.91231,0
            -73.92967,4.91239,0
            -73.92942,4.91255,0
            -73.92882,4.91305,0
            -73.92853,4.91333,0
            -73.9284,4.9134,0
            -73.92833,4.91345,0
            -73.92825,4.91349,0
            -73.92818,4.91351,0
            -73.92807,4.91351,0
            -73.92751,4.91338,0
            -73.92734,4.91336,0
            -73.9272,4.91337,0
            -73.92646,4.91362,0
            -73.92616,4.91378,0
            -73.92598,4.91392,0
            -73.92594,4.91394,0
            -73.92585,4.91397,0
            -73.92572,4.91397,0
            -73.92558,4.91393,0
            -73.92543,4.91387,0
            -73.92532,4.91381,0
            -73.92521,4.91381,0
            -73.92516,4.91382,0
            -73.92512,4.91384,0
            -73.92512,4.91385,0
            -73.9251,4.91387,0
            -73.9251,4.91389,0
            -73.92509,4.91391,0
            -73.92508,4.91397,0
            -73.92511,4.9142,0
            -73.92526,4.91489,0
            -73.92529,4.91511,0
            -73.92529,4.91517,0
            -73.92527,4.91521,0
            -73.92525,4.91522,0
            -73.9252,4.91522,0
            -73.92516,4.91521,0
            -73.92512,4.91519,0
            -73.92511,4.91518,0
            -73.9251,4.91518,0
            -73.9246,4.91489,0
            -73.92448,4.91486,0
            -73.92438,4.91486,0
            -73.92432,4.91487,0
            -73.92352,4.91525,0
            -73.92246,4.91563,0
            -73.92235,4.91569,0
            -73.92224,4.9158,0
            -73.92206,4.91615,0
            -73.92205,4.9162,0
            -73.92206,4.91622,0
            -73.92206,4.91627,0
            -73.92212,4.91648,0
            -73.92213,4.91655,0
            -73.92213,4.91662,0
            -73.92211,4.91672,0
            -73.92211,4.91675,0
            -73.92208,4.91692,0
            -73.92208,4.917,0
            -73.92202,4.91713,0
            -73.92195,4.91723,0
            -73.92167,4.9171,0
            -73.92111,4.9168,0
            -73.92109,4.91678,0
            -73.92095,4.91671,0
            -73.92091,4.91668,0
            -73.92061,4.91657,0
            -73.92044,4.91653,0
            -73.9203,4.91651,0
            -73.92012,4.91651,0
            -73.91991,4.91653,0
            -73.91968,4.91658,0
            -73.91959,4.91659,0
            -73.9194,4.91657,0
            -73.9193,4.91654,0
            -73.91929,4.91654,0
            -73.91887,4.91642,0
            -73.91872,4.91634,0
            -73.9185,4.91617,0
            -73.91833,4.9162,0
            -73.9181,4.91626,0
            -73.91809,4.91626,0
            -73.91801,4.91631,0
            -73.91794,4.91638,0
            -73.91775,4.91666,0
            -73.9177,4.91675,0
            -73.91758,4.91688,0
            -73.91754,4.91691,0
            -73.91753,4.91693,0
            -73.91752,4.91693,0
            -73.91735,4.91707,0
            -73.91727,4.91716,0
            -73.91726,4.91718,0
            -73.91713,4.91735,0
            -73.91691,4.9176,0
            -73.91671,4.91779,0
            -73.91664,4.91783,0
            -73.91659,4.91787,0
            -73.91644,4.91793,0
            -73.91606,4.91795,0
            -73.91601,4.91796,0
            -73.916,4.91797,0
            -73.91597,4.91798,0
            -73.91587,4.91806,0
            -73.91568,4.9183,0
            -73.91566,4.91835,0
            -73.91564,4.91838,0
            -73.91556,4.91872,0
            -73.91549,4.9189,0
            -73.9154,4.91906,0
            -73.91531,4.91937,0
            -73.91529,4.91939,0
            -73.91528,4.91941,0
            -73.91528,4.91942,0
            -73.91521,4.91946,0
            -73.9152,4.91947,0
            -73.91491,4.91955,0
            -73.91451,4.91959,0
            -73.91449,4.91958,0
            -73.91436,4.91957,0
            -73.91419,4.91959,0
            -73.91411,4.91961,0
            -73.91402,4.91965,0
            -73.91381,4.91977,0
            -73.91366,4.91992,0
            -73.91364,4.91995,0
            -73.91363,4.91995,0
            -73.91358,4.92004,0
            -73.91356,4.92006,0
            -73.91337,4.92042,0
            -73.91327,4.92051,0
            -73.91325,4.92052,0
            -73.91323,4.92054,0
            -73.91303,4.92066,0
            -73.91291,4.92071,0
            -73.9128,4.92074,0
            -73.91273,4.92075,0
            -73.91263,4.92075,0
            -73.91249,4.92069,0
            -73.91245,4.92066,0
            -73.91243,4.92063,0
            -73.91243,4.92057,0
            -73.91245,4.92042,0
            -73.91234,4.92042,0
            -73.91228,4.92043,0
            -73.91218,4.92046,0
            -73.91193,4.9205,0
            -73.91192,4.92051,0
            -73.9118,4.92053,0
            -73.91135,4.92056,0
            -73.91122,4.92054,0
            -73.91121,4.92053,0
            -73.91098,4.92048,0
            -73.91086,4.92047,0
            -73.91049,4.92049,0
            -73.91033,4.92052,0
            -73.91031,4.92052,0
            -73.90978,4.92062,0
            -73.9096,4.92064,0
            -73.90933,4.92064,0
            -73.90913,4.92066,0
            -73.90891,4.92072,0
            -73.9089,4.92072,0
            -73.90877,4.92077,0
            -73.90874,4.92081,0
            -73.90863,4.92092,0
            -73.9085,4.92108,0
            -73.90849,4.92108,0
            -73.90807,4.92139,0
            -73.90793,4.92147,0
            -73.90791,4.9215,0
            -73.90779,4.92163,0
            -73.90757,4.92192,0
            -73.90757,4.92193,0
            -73.90733,4.92219,0
            -73.90722,4.92233,0
            -73.90721,4.92233,0
            -73.90716,4.92239,0
            -73.9068,4.92266,0
            -73.90679,4.92266,0
            -73.90631,4.92289,0
            -73.90619,4.92289,0
            -73.90614,4.92288,0
            -73.90613,4.92287,0
            -73.90596,4.92282,0
            -73.90595,4.92281,0
            -73.90592,4.9228,0
            -73.90565,4.92276,0
            -73.90546,4.92275,0
            -73.90533,4.92277,0
            -73.90527,4.92279,0
            -73.9052,4.92283,0
            -73.90495,4.92305,0
            -73.90477,4.92325,0
            -73.90475,4.92326,0
            -73.90473,4.92326,0
            -73.9047,4.92327,0
            -73.90465,4.92327,0
            -73.90452,4.9233,0
            -73.90445,4.92334,0
            -73.90438,4.92341,0
            -73.90431,4.9235,0
            -73.90426,4.92354,0
            -73.90409,4.92361,0
            -73.9039,4.92381,0
            -73.90384,4.92386,0
            -73.90383,4.92386,0
            -73.90373,4.92392,0
            -73.90365,4.92395,0
            -73.90356,4.92396,0
            -73.90345,4.92396,0
            -73.90337,4.92395,0
            -73.90326,4.92398,0
            -73.90323,4.924,0
            -73.9032,4.92404,0
            -73.90317,4.92406,0
            -73.90317,4.92407,0
            -73.90308,4.92422,0
            -73.903,4.92457,0
            -73.903,4.9246,0
            -73.90292,4.92477,0
            -73.90277,4.92501,0
            -73.90253,4.92532,0
            -73.90237,4.92549,0
            -73.90229,4.92555,0
            -73.90209,4.92564,0
            -73.90194,4.92568,0
            -73.90179,4.92575,0
            -73.90172,4.9258,0
            -73.90169,4.92583,0
            -73.90156,4.92602,0
            -73.90153,4.92605,0
            -73.90136,4.92618,0
            -73.90131,4.92619,0
            -73.9013,4.9262,0
            -73.90107,4.92628,0
            -73.90102,4.92628,0
            -73.90101,4.92627,0
            -73.90093,4.92623,0
            -73.90077,4.92619,0
            -73.90072,4.92619,0
            -73.90066,4.9262,0
            -73.90048,4.92627,0
            -73.90032,4.92638,0
            -73.90016,4.92654,0
            -73.89999,4.92665,0
            -73.89997,4.92668,0
            -73.89995,4.92673,0
            -73.89991,4.92679,0
            -73.89989,4.92681,0
            -73.89983,4.92685,0
            -73.89975,4.92686,0
            -73.8996,4.92685,0
            -73.89934,4.92701,0
            -73.89921,4.92707,0
            -73.89909,4.92714,0
            -73.89895,4.92729,0
            -73.89878,4.92757,0
            -73.89867,4.92769,0
            -73.89865,4.9277,0
            -73.89863,4.92772,0
            -73.89857,4.92774,0
            -73.89852,4.92774,0
            -73.89849,4.92773,0
            -73.89829,4.92772,0
            -73.89816,4.92776,0
            -73.89803,4.92782,0
            -73.89795,4.92787,0
            -73.89772,4.92812,0
            -73.89766,4.92816,0
            -73.89761,4.92818,0
            -73.89754,4.92818,0
            -73.89736,4.92822,0
            -73.89728,4.92822,0
            -73.8972,4.92823,0
            -73.89706,4.92822,0
            -73.89676,4.92816,0
            -73.89657,4.92814,0
            -73.89638,4.92817,0
            -73.89627,4.92822,0
            -73.89608,4.92836,0
            -73.896,4.92852,0
            -73.89594,4.92867,0
            -73.89585,4.92885,0
            -73.89582,4.92888,0
            -73.89575,4.92892,0
            -73.8957,4.92892,0
            -73.89529,4.92884,0
            -73.89479,4.92852,0
            -73.89472,4.9285,0
            -73.89468,4.92848,0
            -73.89449,4.92847,0
            -73.89438,4.9285,0
            -73.89436,4.9285,0
            -73.89424,4.92858,0
            -73.89417,4.92866,0
            -73.8941,4.92882,0
            -73.89408,4.92926,0
            -73.89403,4.9294,0
            -73.89401,4.92942,0
            -73.89399,4.92943,0
            -73.89398,4.92944,0
            -73.89394,4.92944,0
            -73.89389,4.92945,0
            -73.89382,4.92944,0
            -73.89342,4.92931,0
            -73.8931,4.92924,0
            -73.89304,4.92924,0
            -73.89287,4.92922,0
            -73.89277,4.92918,0
            -73.89256,4.92904,0
            -73.89223,4.92877,0
            -73.89194,4.92862,0
            -73.89174,4.92855,0
            -73.89156,4.92852,0
            -73.89131,4.92851,0
            -73.89111,4.92847,0
            -73.8903,4.92808,0
            -73.89016,4.92805,0
            -73.89014,4.92804,0
            -73.8901,4.92804,0
            -73.89007,4.92805,0
            -73.89004,4.92805,0
            -73.89002,4.92806,0
            -73.89001,4.92807,0
            -73.88999,4.92808,0
            -73.88995,4.92814,0
            -73.88994,4.92817,0
            -73.88994,4.92845,0
            -73.88992,4.92854,0
            -73.88992,4.92856,0
            -73.88991,4.92859,0
            -73.88988,4.92861,0
            -73.88986,4.92863,0
            -73.88983,4.92865,0
            -73.88965,4.92869,0
            -73.88941,4.92872,0
            -73.8893,4.92872,0
            -73.88921,4.9287,0
            -73.88892,4.92867,0
            -73.88872,4.9287,0
            -73.88867,4.92872,0
            -73.88839,4.92894,0
            -73.88824,4.92903,0
            -73.888,4.9292,0
            -73.88782,4.92938,0
            -73.88771,4.92947,0
            -73.88762,4.92953,0
            -73.88753,4.92957,0
            -73.88752,4.92957,0
            -73.88743,4.9296,0
            -73.88699,4.92968,0
            -73.88692,4.9297,0
            -73.88668,4.92971,0
            -73.88652,4.92968,0
            -73.88565,4.92927,0
            -73.8856,4.92926,0
            -73.88476,4.92923,0
            -73.88428,4.92915,0
            -73.88384,4.92911,0
            -73.88322,4.92899,0
            -73.88319,4.92896,0
            -73.88315,4.92894,0
            -73.88259,4.92852,0
            -73.88214,4.92822,0
            -73.88202,4.92812,0
            -73.88182,4.92803,0
            -73.88174,4.92803,0
            -73.88167,4.92802,0
            -73.88142,4.92793,0
            -73.88118,4.92875,0
            -73.88112,4.92909,0
            -73.8811,4.92935,0
            -73.88113,4.92957,0
            -73.88117,4.92971,0
            -73.88127,4.9299,0
            -73.88153,4.93048,0
            -73.88155,4.93061,0
            -73.88155,4.93073,0
            -73.88154,4.93081,0
            -73.88151,4.93088,0
            -73.8814,4.93105,0
            -73.88134,4.93111,0
            -73.88112,4.93123,0
            -73.87998,4.93165,0
            -73.87963,4.93182,0
            -73.87946,4.93196,0
            -73.87933,4.9321,0
            -73.87927,4.93218,0
            -73.87902,4.93273,0
            -73.879,4.93281,0
            -73.87899,4.93294,0
            -73.879,4.93302,0
            -73.879,4.9331,0
            -73.87902,4.93319,0
            -73.87903,4.9332,0
            -73.87938,4.93383,0
            -73.8794,4.93385,0
            -73.87944,4.934,0
            -73.87944,4.93424,0
            -73.87942,4.93433,0
            -73.87939,4.93441,0
            -73.87926,4.93462,0
            -73.87752,4.93686,0
            -73.87746,4.93692,0
            -73.87711,4.93737,0
            -73.87711,4.93738,0
            -73.87678,4.93781,0
            -73.87674,4.93785,0
            -73.87612,4.93865,0
            -73.87608,4.93869,0
            -73.87581,4.93903,0
            -73.87571,4.93913,0
            -73.8755,4.93931,0
            -73.87299,4.9409,0
            -73.87253,4.9411,0
            -73.87241,4.94111,0
            -73.8721,4.94109,0
            -73.87171,4.94102,0
            -73.8715,4.941,0
            -73.8713,4.94095,0
            -73.871,4.9409,0
            -73.8709,4.9409,0
            -73.87083,4.94091,0
            -73.87076,4.94093,0
            -73.87054,4.94103,0
            -73.86974,4.94153,0
            -73.86955,4.94163,0
            -73.86954,4.94168,0
            -73.86937,4.94187,0
            -73.86921,4.94197,0
            -73.86896,4.94208,0
            -73.86895,4.94209,0
            -73.86888,4.94212,0
            -73.86888,4.94213,0
            -73.86887,4.94214,0
            -73.86886,4.94216,0
            -73.86886,4.94221,0
            -73.86887,4.94222,0
            -73.86887,4.94223,0
            -73.86888,4.94224,0
            -73.8689,4.94225,0
            -73.8689,4.94226,0
            -73.86916,4.94235,0
            -73.86927,4.94244,0
            -73.86938,4.94259,0
            -73.8694,4.94265,0
            -73.86941,4.94273,0
            -73.86941,4.94285,0
            -73.8694,4.94288,0
            -73.8694,4.94292,0
            -73.86912,4.94342,0
            -73.86907,4.94354,0
            -73.86893,4.94414,0
            -73.86893,4.94416,0
            -73.8689,4.9443,0
            -73.86886,4.94439,0
            -73.86875,4.94454,0
            -73.86865,4.94463,0
            -73.86858,4.94467,0
            -73.86849,4.9447,0
            -73.86845,4.94472,0
            -73.8684,4.94473,0
            -73.86836,4.94473,0
            -73.86832,4.94472,0
            -73.86827,4.94469,0
            -73.86821,4.94462,0
            -73.8681,4.94445,0
            -73.86809,4.94444,0
            -73.86793,4.94417,0
            -73.86788,4.94412,0
            -73.86787,4.9441,0
            -73.86783,4.94407,0
            -73.86779,4.94405,0
            -73.86774,4.94405,0
            -73.86767,4.94406,0
            -73.8676,4.94409,0
            -73.86757,4.94412,0
            -73.86755,4.94413,0
            -73.86752,4.94416,0
            -73.86747,4.94424,0
            -73.86728,4.94489,0
            -73.86699,4.94564,0
            -73.86698,4.94564,0
            -73.86696,4.9457,0
            -73.86692,4.94576,0
            -73.86687,4.94581,0
            -73.86678,4.94588,0
            -73.86663,4.94597,0
            -73.86594,4.94645,0
            -73.86584,4.94654,0
            -73.86582,4.94655,0
            -73.86578,4.94661,0
            -73.86576,4.94668,0
            -73.86574,4.94685,0
            -73.86556,4.94764,0
            -73.86554,4.94795,0
            -73.86552,4.94809,0
            -73.86552,4.94815,0
            -73.86553,4.9482,0
            -73.86555,4.94824,0
            -73.86559,4.94829,0
            -73.86578,4.94842,0
            -73.86585,4.94852,0
            -73.86607,4.94878,0
            -73.86612,4.94887,0
            -73.86623,4.94916,0
            -73.86641,4.94945,0
            -73.86643,4.94951,0
            -73.86644,4.94958,0
            -73.86644,4.94969,0
            -73.86645,4.94971,0
            -73.86648,4.95004,0
            -73.86647,4.95009,0
            -73.86647,4.95011,0
            -73.86641,4.95029,0
            -73.86641,4.95031,0
            -73.86636,4.95045,0
            -73.86636,4.95049,0
            -73.86637,4.95054,0
            -73.86637,4.95057,0
            -73.86639,4.95061,0
            -73.86676,4.95107,0
            -73.86686,4.95127,0
            -73.86692,4.95142,0
            -73.867,4.95155,0
            -73.86697,4.95156,0
            -73.86694,4.95159,0
            -73.86694,4.95161,0
            -73.86695,4.95162,0
            -73.86695,4.95164,0
            -73.867,4.95173,0
            -73.86713,4.95207,0
            -73.86724,4.95225,0
            -73.86724,4.95227,0
            -73.86725,4.95228,0
            -73.86725,4.95229,0
            -73.86724,4.95231,0
            -73.86724,4.95232,0
            -73.86722,4.95234,0
            -73.8672,4.95234,0
            -73.86719,4.95235,0
            -73.86718,4.95234,0
            -73.86716,4.95234,0
            -73.86708,4.95226,0
            -73.86699,4.95221,0
            -73.86696,4.95221,0
            -73.86695,4.95222,0
            -73.86694,4.95222,0
            -73.86692,4.95223,0
            -73.86692,4.95224,0
            -73.86691,4.95225,0
            -73.86691,4.95232,0
            -73.86695,4.95242,0
            -73.86696,4.95248,0
            -73.86698,4.95251,0
            -73.86702,4.95266,0
            -73.86703,4.95266,0
            -73.86705,4.95284,0
            -73.86706,4.95323,0
            -73.86707,4.9533,0
            -73.86709,4.95337,0
            -73.86709,4.95375,0
            -73.8671,4.95376,0
            -73.86708,4.95434,0
            -73.86705,4.95454,0
            -73.86696,4.95481,0
            -73.86688,4.95517,0
            -73.86687,4.95526,0
            -73.86689,4.95539,0
            -73.86686,4.95635,0
            -73.86685,4.9564,0
            -73.86685,4.95644,0
            -73.86681,4.95653,0
            -73.86669,4.95664,0
            -73.86655,4.95688,0
            -73.86652,4.95696,0
            -73.86637,4.95726,0
            -73.86633,4.95738,0
            -73.86599,4.95798,0
            -73.86588,4.95829,0
            -73.86587,4.9583,0
            -73.86581,4.95847,0
            -73.86581,4.95848,0
            -73.86576,4.95868,0
            -73.86572,4.95899,0
            -73.86572,4.95923,0
            -73.8657,4.95938,0
            -73.86568,4.95946,0
            -73.86563,4.95959,0
            -73.86561,4.95967,0
            -73.8656,4.95975,0
            -73.86562,4.95996,0
            -73.86573,4.9602,0
            -73.86579,4.96038,0
            -73.86579,4.96042,0
            -73.86578,4.96044,0
            -73.86576,4.96054,0
            -73.86568,4.96069,0
            -73.86567,4.96073,0
            -73.86566,4.96075,0
            -73.86563,4.9609,0
            -73.86566,4.96097,0
            -73.8657,4.96101,0
            -73.86589,4.96114,0
            -73.86591,4.96116,0
            -73.86593,4.96123,0
            -73.86593,4.96127,0
            -73.86592,4.96132,0
            -73.86592,4.96136,0
            -73.86593,4.96139,0
            -73.86593,4.96168,0
            -73.86591,4.96185,0
            -73.8659,4.96187,0
            -73.86587,4.96203,0
            -73.86587,4.96245,0
            -73.86584,4.96265,0
            -73.86582,4.9627,0
            -73.86575,4.96282,0
            -73.86574,4.96295,0
            -73.86575,4.96302,0
            -73.86577,4.96307,0
            -73.86577,4.9631,0
            -73.86581,4.96322,0
            -73.86626,4.96397,0
            -73.86628,4.96402,0
            -73.86628,4.96404,0
            -73.86629,4.96408,0
            -73.86629,4.96421,0
            -73.8663,4.96422,0
            -73.8663,4.96424,0
            -73.86638,4.96449,0
            -73.86642,4.96457,0
            -73.86643,4.96464,0
            -73.86643,4.96481,0
            -73.86649,4.9651,0
            -73.86653,4.96523,0
            -73.86654,4.9656,0
            -73.86658,4.96575,0
            -73.8666,4.9658,0
            -73.86674,4.96601,0
            -73.86686,4.96614,0
            -73.86693,4.96629,0
            -73.86692,4.96642,0
            -73.8669,4.96651,0
            -73.86684,4.96659,0
            -73.86667,4.96689,0
            -73.86666,4.96689,0
            -73.86662,4.96697,0
            -73.86656,4.96721,0
            -73.86657,4.96728,0
            -73.86656,4.96742,0
            -73.86663,4.96795,0
            -73.86661,4.96803,0
            -73.86658,4.96807,0
            -73.86643,4.96819,0
            -73.86634,4.96828,0
            -73.86631,4.9683,0
            -73.86629,4.96832,0
            -73.86625,4.96839,0
            -73.86623,4.96845,0
            -73.86622,4.96851,0
            -73.86623,4.96872,0
            -73.86625,4.96881,0
            -73.86628,4.96886,0
            -73.86637,4.96892,0
            -73.86642,4.96894,0
            -73.86645,4.96896,0
            -73.86647,4.96898,0
            -73.8665,4.96905,0
            -73.86652,4.96924,0
            -73.86652,4.96934,0
            -73.86651,4.9694,0
            -73.86648,4.96948,0
            -73.86645,4.96961,0
            -73.8664,4.97003,0
            -73.86636,4.97023,0
            -73.86629,4.97046,0
            -73.86619,4.97067,0
            -73.86615,4.97078,0
            -73.86615,4.97079,0
            -73.86606,4.97095,0
            -73.86599,4.97105,0
            -73.86595,4.97109,0
            -73.86586,4.97116,0
            -73.86582,4.97118,0
            -73.8658,4.97118,0
            -73.86574,4.97121,0
            -73.86564,4.97121,0
            -73.86555,4.97119,0
            -73.86549,4.97116,0
            -73.86545,4.97116,0
            -73.86543,4.97115,0
            -73.8653,4.97118,0
            -73.8653,4.97125,0
            -73.8655,4.97151,0
            -73.86553,4.97154,0
            -73.86553,4.97155,0
            -73.86555,4.97157,0
            -73.86558,4.97165,0
            -73.86559,4.97171,0
            -73.86561,4.97177,0
            -73.86562,4.97184,0
            -73.86562,4.97199,0
            -73.86559,4.9721,0
            -73.8655,4.9723,0
            -73.86548,4.97238,0
            -73.86547,4.9724,0
            -73.86547,4.97243,0
            -73.86546,4.97248,0
            -73.86546,4.97253,0
            -73.86551,4.97272,0
            -73.86554,4.97279,0
            -73.86557,4.97293,0
            -73.86557,4.97311,0
            -73.86558,4.97317,0
            -73.86569,4.97356,0
            -73.86571,4.97369,0
            -73.86571,4.97377,0
            -73.8657,4.97381,0
            -73.86569,4.97382,0
            -73.86566,4.97389,0
            -73.86561,4.97397,0
            -73.86549,4.9741,0
            -73.86549,4.97411,0
            -73.86543,4.97418,0
            -73.86539,4.97425,0
            -73.86535,4.97436,0
            -73.86532,4.97456,0
            -73.86535,4.9748,0
            -73.86543,4.97496,0
            -73.86554,4.97507,0
            -73.86588,4.97529,0
            -73.86592,4.97533,0
            -73.86598,4.97542,0
            -73.866,4.97549,0
            -73.866,4.97554,0
            -73.86606,4.9759,0
            -73.86604,4.9761,0
            -73.86604,4.9762,0
            -73.86603,4.97629,0
            -73.86604,4.9763,0
            -73.86604,4.9765,0
            -73.86603,4.97656,0
            -73.866,4.97666,0
            -73.86598,4.97668,0
            -73.86597,4.97672,0
            -73.8659,4.97682,0
            -73.86588,4.97683,0
            -73.86586,4.97686,0
            -73.86582,4.9769,0
            -73.86568,4.97697,0
            -73.86565,4.977,0
            -73.86564,4.97702,0
            -73.86563,4.97703,0
            -73.8656,4.97708,0
            -73.86558,4.97715,0
            -73.86558,4.97719,0
            -73.86557,4.97721,0
            -73.86557,4.97729,0
            -73.86556,4.97733,0
            -73.86556,4.97735,0
            -73.86555,4.97736,0
            -73.86555,4.97737,0
            -73.86552,4.97742,0
            -73.86538,4.97748,0
            -73.86528,4.97749,0
            -73.86511,4.97753,0
            -73.86508,4.97755,0
            -73.86503,4.9776,0
            -73.86498,4.97768,0
            -73.86495,4.9777,0
            -73.86493,4.97773,0
            -73.86481,4.97785,0
            -73.86472,4.97791,0
            -73.86445,4.97815,0
            -73.8644,4.97822,0
            -73.86437,4.97829,0
            -73.86437,4.97878,0
            -73.86436,4.97882,0
            -73.86436,4.97885,0
            -73.86435,4.9789,0
            -73.86433,4.97892,0
            -73.8643,4.97897,0
            -73.86423,4.97904,0
            -73.86406,4.97929,0
            -73.86402,4.97941,0
            -73.86384,4.97979,0
            -73.86384,4.9799,0
            -73.86385,4.97995,0
            -73.86385,4.97999,0
            -73.86388,4.98004,0
            -73.86389,4.98007,0
            -73.86393,4.98011,0
            -73.86396,4.98013,0
            -73.86406,4.98017,0
            -73.86414,4.98018,0
            -73.86436,4.98018,0
            -73.86439,4.98019,0
            -73.86442,4.98019,0
            -73.86454,4.98022,0
            -73.86459,4.98025,0
            -73.86464,4.9803,0
            -73.86485,4.9806,0
            -73.86491,4.98066,0
            -73.86513,4.98072,0
            -73.86515,4.98074,0
            -73.86516,4.98076,0
            -73.86518,4.98078,0
            -73.86519,4.98081,0
            -73.86519,4.98085,0
            -73.86516,4.98099,0
            -73.86515,4.981,0
            -73.86512,4.98107,0
            -73.86511,4.98111,0
            -73.86471,4.98185,0
            -73.86468,4.98195,0
            -73.86466,4.98217,0
            -73.86468,4.98231,0
            -73.86469,4.98232,0
            -73.8647,4.98236,0
            -73.86472,4.98239,0
            -73.86481,4.98249,0
            -73.86489,4.98255,0
            -73.86502,4.98267,0
            -73.86505,4.98272,0
            -73.86507,4.98281,0
            -73.86506,4.98316,0
            -73.86507,4.98328,0
            -73.86506,4.98337,0
            -73.86505,4.9834,0
            -73.86496,4.98351,0
            -73.86486,4.98366,0
            -73.86474,4.98388,0
            -73.86479,4.98393,0
            -73.86482,4.98395,0
            -73.86485,4.98398,0
            -73.86486,4.984,0
            -73.86487,4.98401,0
            -73.86487,4.98402,0
            -73.86488,4.98404,0
            -73.8648,4.98425,0
            -73.86479,4.9843,0
            -73.86486,4.98448,0
            -73.86489,4.98453,0
            -73.86491,4.98461,0
            -73.86491,4.98465,0
            -73.8649,4.98468,0
            -73.86483,4.9848,0
            -73.86478,4.98485,0
            -73.86476,4.98492,0
            -73.86475,4.98493,0
            -73.86474,4.98497,0
            -73.86474,4.98521,0
            -73.86472,4.98545,0
            -73.86471,4.9855,0
            -73.86471,4.98563,0
            -73.8647,4.98568,0
            -73.86474,4.98582,0
            -73.86475,4.98594,0
            -73.86473,4.98599,0
            -73.86461,4.98611,0
            -73.86457,4.98614,0
            -73.86456,4.98614,0
            -73.86439,4.98628,0
            -73.86434,4.98635,0
            -73.86432,4.98639,0
            -73.86431,4.9864,0
            -73.86427,4.98651,0
            -73.86425,4.9866,0
            -73.86413,4.98684,0
            -73.86409,4.98689,0
            -73.86401,4.98703,0
            -73.8638,4.98732,0
            -73.86379,4.98737,0
            -73.86379,4.98742,0
            -73.86374,4.98755,0
            -73.8637,4.98761,0
            -73.8637,4.98762,0
            -73.86355,4.98782,0
            -73.86346,4.98797,0
            -73.86344,4.98805,0
            -73.86343,4.98817,0
            -73.8638,4.98814,0
            -73.86389,4.9881,0
            -73.86427,4.98801,0
            -73.86441,4.98796,0
            -73.8647,4.98789,0
            -73.86482,4.9879,0
            -73.86527,4.988,0
            -73.86529,4.988,0
            -73.86543,4.98807,0
            -73.86558,4.98811,0
            -73.86562,4.98811,0
            -73.86577,4.98806,0
            -73.86585,4.98798,0
            -73.86592,4.98795,0
            -73.86598,4.98794,0
            -73.86603,4.98794,0
            -73.86607,4.98796,0
            -73.86613,4.98806,0
            -73.86614,4.98807,0
            -73.86616,4.98811,0
            -73.86624,4.98818,0
            -73.86631,4.9882,0
            -73.86644,4.98822,0
            -73.86666,4.98822,0
            -73.86677,4.98824,0
            -73.86714,4.98835,0
            -73.86724,4.98835,0
            -73.8674,4.98831,0
            -73.86743,4.98828,0
            -73.86745,4.98827,0
            -73.86752,4.98827,0
            -73.86753,4.98829,0
            -73.86754,4.9883,0
            -73.86754,4.98836,0
            -73.86745,4.9885,0
            -73.86744,4.98854,0
            -73.86746,4.98858,0
            -73.86748,4.9886,0
            -73.86756,4.98862,0
            -73.8676,4.98865,0
            -73.86766,4.98887,0
            -73.8677,4.98891,0
            -73.86772,4.98895,0
            -73.86774,4.98897,0
            -73.86775,4.98899,0
            -73.86777,4.98901,0
            -73.86787,4.98901,0
            -73.86789,4.98899,0
            -73.86788,4.98888,0
            -73.86787,4.98886,0
            -73.86787,4.98875,0
            -73.8679,4.98866,0
            -73.86793,4.98829,0
            -73.86796,4.98817,0
            -73.86796,4.98815,0
            -73.86806,4.98792,0
            -73.86813,4.98786,0
            -73.86819,4.98779,0
            -73.86819,4.98777,0
            -73.8682,4.98775,0
            -73.86822,4.98773,0
            -73.86823,4.98771,0
            -73.86826,4.98768,0
            -73.86828,4.98772,0
            -73.86828,4.98775,0
            -73.86827,4.98777,0
            -73.86827,4.98785,0
            -73.86828,4.98788,0
            -73.86831,4.98793,0
            -73.86834,4.98796,0
            -73.86837,4.98801,0
            -73.86878,4.98854,0
            -73.86882,4.98861,0
            -73.86893,4.98874,0
            -73.86899,4.98878,0
            -73.86909,4.98887,0
            -73.86946,4.9891,0
            -73.86972,4.9893,0
            -73.86984,4.98937,0
            -73.87106,4.99036,0
            -73.87056,4.99105,0
            -73.87181,4.99195,0
            -73.87292,4.99263,0
            -73.87166,4.9941,0
            -73.87324,4.99224,0
            -73.87359,4.99187,0
            -73.87379,4.992,0
            -73.87386,4.99207,0
            -73.87408,4.99217,0
            -73.87421,4.9922,0
            -73.87429,4.99223,0
            -73.87432,4.99223,0
            -73.87509,4.99245,0
            -73.87618,4.99284,0
            -73.87655,4.99302,0
            -73.87695,4.99327,0
            -73.87709,4.9934,0
            -73.87767,4.99417,0
            -73.87799,4.99464,0
            -73.87808,4.99475,0
            -73.87818,4.99492,0
            -73.87838,4.9951,0
            -73.87849,4.99517,0
            -73.87851,4.99519,0
            -73.87858,4.99523,0
            -73.87873,4.99534,0
            -73.87885,4.99545,0
            -73.87899,4.99564,0
            -73.87913,4.99573,0
            -73.87924,4.99576,0
            -73.87928,4.99576,0
            -73.87976,4.99588,0
            -73.88004,4.9959,0
            -73.88037,4.99603,0
            -73.88059,4.99609,0
            -73.88081,4.99613,0
            -73.88083,4.99614,0
            -73.88096,4.99616,0
            -73.8811,4.99621,0
            -73.88151,4.99652,0
            -73.88178,4.99676,0
            -73.88202,4.99692,0
            -73.88215,4.99698,0
            -73.8822,4.99699,0
            -73.88225,4.99701,0
            -73.88289,4.99706,0
            -73.88309,4.99713,0
            -73.88317,4.99718,0
            -73.88439,4.99823,0
            -73.88453,4.99837,0
            -73.88468,4.99846,0
            -73.88523,4.99873,0
            -73.88524,4.99874,0
            -73.88525,4.99874,0
            -73.88539,4.99881,0
            -73.88544,4.99886,0
            -73.88558,4.99897,0
            -73.88565,4.99905,0
            -73.88569,4.99908,0
            -73.88609,4.99966,0
            -73.88614,4.9997,0
            -73.88681,5.00012,0
            -73.89058,5.00272,0
            -73.8911,5.00295,0
            -73.89171,5.00317,0
            -73.89146,5.00343,0
            -73.89145,5.00345,0
            -73.89085,5.00408,0
            -73.89072,5.0042,0
            -73.89023,5.00472,0
            -73.88997,5.00505,0
            -73.88926,5.00566,0
            -73.88901,5.00594,0
            -73.88883,5.00621,0
            -73.88853,5.00676,0
            -73.88846,5.00694,0
            -73.88835,5.00732,0
            -73.8883,5.00777,0
            -73.88829,5.00828,0
            -73.88828,5.00831,0
            -73.88821,5.0088,0
            -73.88821,5.009,0
            -73.88824,5.00912,0
            -73.88873,5.01036,0
            -73.88874,5.01047,0
            -73.88873,5.01059,0
            -73.88784,5.01344,0
            -73.88692,5.01602,0
            -73.88648,5.01746,0
            -73.88647,5.01747,0
            -73.88634,5.01781,0
            -73.88617,5.01812,0
            -73.88604,5.01829,0
            -73.88478,5.01973,0
            -73.88467,5.01988,0
            -73.88415,5.02089,0
            -73.88413,5.02095,0
            -73.8841,5.02115,0
            -73.8841,5.02181,0
            -73.88409,5.02188,0
            -73.88406,5.02197,0
            -73.88403,5.02211,0
            -73.8838,5.02269,0
            -73.8836,5.02308,0
            -73.88324,5.02363,0
            -73.8829,5.0241,0
            -73.88285,5.02419,0
            -73.88244,5.02479,0
            -73.88164,5.0261,0
            -73.88132,5.02667,0
            -73.88128,5.02672,0
            -73.88116,5.02684,0
            -73.88095,5.02722,0
            -73.8803,5.02824,0
            -73.88029,5.02825,0
            -73.88012,5.02854,0
            -73.87963,5.02952,0
            -73.87962,5.02953,0
            -73.87927,5.03034,0
            -73.87916,5.03068,0
            -73.87916,5.0307,0
            -73.87905,5.031,0
            -73.87887,5.0316,0
            -73.87879,5.03172,0
            -73.87873,5.03184,0
            -73.87835,5.03228,0
            -73.87805,5.03255,0
            -73.87799,5.03259,0
            -73.87776,5.03269,0
            -73.87766,5.03272,0
            -73.87757,5.03278,0
            -73.87751,5.03285,0
            -73.87648,5.03437,0
            -73.87598,5.03505,0
            -73.87579,5.03528,0
            -73.87538,5.0359,0
            -73.87521,5.03612,0
            -73.87429,5.03766,0
            -73.87393,5.03841,0
            -73.87391,5.03849,0
            -73.87388,5.03855,0
            -73.87386,5.03863,0
            -73.87374,5.03897,0
            -73.87365,5.03918,0
            -73.87281,5.04077,0
            -73.87273,5.0409,0
            -73.87175,5.04222,0
            -73.87167,5.04247,0
            -73.8714,5.04375,0
            -73.87138,5.04424,0
            -73.87135,5.04447,0
            -73.87127,5.04478,0
            -73.87127,5.0448,0
            -73.87117,5.04525,0
            -73.87112,5.04563,0
            -73.87113,5.0461,0
            -73.87109,5.04651,0
            -73.87086,5.048,0
            -73.8708,5.04877,0
            -73.8708,5.04889,0
            -73.87073,5.04979,0
            -73.8711,5.04983,0
            -73.8712,5.04985,0
            -73.87125,5.04987,0
            -73.87127,5.04991,0
            -73.87127,5.04998,0
            -73.87126,5.05001,0
            -73.87123,5.05006,0
            -73.87122,5.0501,0
            -73.87118,5.05017,0
            -73.87094,5.05094,0
            -73.87094,5.05096,0
            -73.87093,5.051,0
            -73.87093,5.05103,0
            -73.87094,5.05106,0
            -73.87094,5.0511,0
            -73.87095,5.05112,0
            -73.87101,5.05119,0
            -73.87107,5.05123,0
            -73.87121,5.05129,0
            -73.87148,5.05144,0
            -73.8715,5.05147,0
            -73.87152,5.05149,0
            -73.87156,5.05165,0
            -73.87157,5.05175,0
            -73.87157,5.05197,0
            -73.87153,5.05208,0
            -73.87149,5.05212,0
            -73.87144,5.05214,0
            -73.87143,5.05215,0
            -73.87128,5.05222,0
            -73.87128,5.05223,0
            -73.87126,5.05224,0
            -73.87124,5.05226,0
            -73.87111,5.05248,0
            -73.87107,5.05257,0
            -73.871,5.05265,0
            -73.87096,5.05268,0
            -73.8705,5.05293,0
            -73.86965,5.05326,0
            -73.86959,5.05326,0
            -73.8695,5.05324,0
            -73.86948,5.05324,0
            -73.86947,5.05323,0
            -73.86937,5.05319,0
            -73.86935,5.05319,0
            -73.8693,5.05317,0
            -73.86926,5.05317,0
            -73.86922,5.05316,0
            -73.86915,5.05319,0
            -73.86915,5.05323,0
            -73.86916,5.05327,0
            -73.86924,5.05339,0
            -73.8695,5.05369,0
            -73.86955,5.05378,0
            -73.86955,5.05379,0
            -73.86983,5.05495,0
            -73.86984,5.05502,0
            -73.86988,5.05517,0
            -73.86989,5.05544,0
            -73.86984,5.0556,0
            -73.86953,5.05624,0
            -73.86945,5.05644,0
            -73.8694,5.05667,0
            -73.86929,5.05703,0
            -73.86915,5.05729,0
            -73.86899,5.05749,0
            -73.86881,5.05765,0
            -73.8688,5.05767,0
            -73.86879,5.05768,0
            -73.86877,5.05773,0
            -73.86877,5.05776,0
            -73.86878,5.05778,0
            -73.86879,5.05779,0
            -73.86882,5.05784,0
            -73.86886,5.05788,0
            -73.86888,5.05789,0
            -73.8689,5.05789,0
            -73.86895,5.0579,0
            -73.8691,5.0579,0
            -73.86922,5.05788,0
            -73.86953,5.0578,0
            -73.86984,5.05774,0
            -73.87011,5.05771,0
            -73.87014,5.05772,0
            -73.87016,5.05772,0
            -73.8702,5.05773,0
            -73.87023,5.05773,0
            -73.8703,5.05776,0
            -73.87036,5.0578,0
            -73.87046,5.0578,0
            -73.87072,5.05783,0
            -73.87079,5.05782,0
            -73.87087,5.05782,0
            -73.87095,5.0578,0
            -73.87127,5.05778,0
            -73.8714,5.0578,0
            -73.87143,5.05781,0
            -73.87179,5.05787,0
            -73.8719,5.05787,0
            -73.87194,5.05786,0
            -73.87197,5.05786,0
            -73.87204,5.05784,0
            -73.87207,5.05782,0
            -73.8723,5.05772,0
            -73.87231,5.05772,0
            -73.87234,5.05771,0
            -73.87252,5.05771,0
            -73.87268,5.05775,0
            -73.8729,5.05778,0
            -73.87298,5.05778,0
            -73.87326,5.05773,0
            -73.87333,5.05773,0
            -73.87348,5.05775,0
            -73.8736,5.05778,0
            -73.87399,5.05791,0
            -73.87416,5.05794,0
            -73.87417,5.05795,0
            -73.87517,5.05811,0
            -73.87597,5.05827,0
            -73.87624,5.0583,0
            -73.87642,5.0583,0
            -73.87648,5.05829,0
            -73.87654,5.05829,0
            -73.87656,5.05828,0
            -73.87688,5.05822,0
            -73.87692,5.05822,0
            -73.87697,5.05821,0
            -73.87717,5.05822,0
            -73.87727,5.05824,0
            -73.87747,5.05831,0
            -73.87758,5.05837,0
            -73.87766,5.05843,0
            -73.87772,5.05849,0
            -73.87798,5.05881,0
            -73.87814,5.05912,0
            -73.87819,5.05926,0
            -73.87823,5.05947,0
            -73.87824,5.05948,0
            -73.87826,5.05975,0
            -73.87824,5.05996,0
            -73.87822,5.06002,0
            -73.87822,5.06004,0
            -73.8782,5.06011,0
            -73.87817,5.06028,0
            -73.87817,5.06045,0
            -73.87829,5.06104,0
            -73.87829,5.06125,0
            -73.87827,5.06135,0
            -73.87805,5.06206,0
            -73.87783,5.06251,0
            -73.87777,5.06266,0
            -73.87771,5.06296,0
            -73.87771,5.06308,0
            -73.87775,5.06317,0
            -73.87787,5.06332,0
            -73.87787,5.06334,0
            -73.87789,5.06338,0
            -73.87789,5.06341,0
            -73.87786,5.06351,0
            -73.8778,5.06364,0
            -73.87778,5.06367,0
            -73.87778,5.06368,0
            -73.87775,5.06371,0
            -73.87754,5.06381,0
            -73.87748,5.06385,0
            -73.87748,5.06386,0
            -73.87743,5.06391,0
            -73.87737,5.06399,0
            -73.87737,5.064,0
            -73.87732,5.06409,0
            -73.87723,5.0642,0
            -73.87715,5.06428,0
            -73.87696,5.06443,0
            -73.87689,5.0645,0
            -73.87689,5.06452,0
            -73.8769,5.06453,0
            -73.87692,5.06459,0
            -73.87695,5.06465,0
            -73.87727,5.06491,0
            -73.87765,5.06528,0
            -73.87825,5.06577,0
            -73.8789,5.06618,0
            -73.87979,5.06663,0
            -73.87985,5.06665,0
            -73.87987,5.06665,0
            -73.88002,5.06668,0
            -73.88005,5.06668,0
            -73.88044,5.06678,0
            -73.88052,5.06682,0
            -73.88054,5.06684,0
            -73.88059,5.06687,0
            -73.88062,5.06694,0
            -73.88063,5.06698,0
          </coordinates>
        </LineString>
      </Placemark>
      <Placemark>
        <name>Sopo, Sopó, Cundinamarca</name>
        <styleUrl>#icon-1899-DB4436-nodesc</styleUrl>
        <Point>
          <coordinates>
            -73.9414401,4.9086474,0
          </coordinates>
        </Point>
      </Placemark>
      <Placemark>
        <name>Vibras de Café, Embalse de Tominé, Guatavita, Cundinamarca</name>
        <styleUrl>#icon-1899-DB4436-nodesc</styleUrl>
        <Point>
          <coordinates>
            -73.8671024,4.9539292,0
          </coordinates>
        </Point>
      </Placemark>
      <Placemark>
        <name>Gachancipá, Cundinamarca</name>
        <styleUrl>#icon-1899-DB4436-nodesc</styleUrl>
        <Point>
          <coordinates>
            -73.8716632,4.9940995,0
          </coordinates>
        </Point>
      </Placemark>
      <Placemark>
        <name>Nemocón, Cundinamarca</name>
        <styleUrl>#icon-1899-DB4436-nodesc</styleUrl>
        <Point>
          <coordinates>
            -73.8806325,5.0669837,0
          </coordinates>
        </Point>
      </Placemark>
    </Folder>
    <Folder>
      <name>Nemocón - Cucunuba.gpx</name>
      <Placemark>
        <name>Start of Track 1</name>
        <description><![CDATA[Friday, June 26, 2026, 8:05 PM GMT-05:00<br>Elevation: 8531 feet]]></description>
        <styleUrl>#icon-61</styleUrl>
        <Point>
          <coordinates>
            -73.8804828,5.0673083,2600.37952901459
          </coordinates>
        </Point>
      </Placemark>
      <Placemark>
        <name>End of Track 1</name>
        <description><![CDATA[Friday, June 26, 2026, 9:20 PM GMT-05:00<br>Elevation: 8472 feet]]></description>
        <styleUrl>#icon-123</styleUrl>
        <Point>
          <coordinates>
            -73.7669562,5.2498694,2582.2001953125
          </coordinates>
        </Point>
      </Placemark>
      <Placemark>
        <name>Track 1</name>
        <description><![CDATA[Statistics computed from imported data<br><br>Friday, June 26, 2026, 8:05 PM GMT-05:00<br>Distance: 18.0 miles<br>Duration: 1 hours, 14 minutes, and 51 seconds<br>Average Speed: 14.5 mph<br>Minimum Elevation: 8469 feet<br>Maximum Elevation: 9823 feet<br>Total climb: 1893 feet<br>Total descent: 1955 feet]]></description>
        <styleUrl>#line-E65100-5000</styleUrl>
        <LineString>
          <tessellate>1</tessellate>
          <coordinates>
            -73.8804828,5.0673083,2600.37952901459
            -73.8804825,5.0673083,2600.43469093484
            -73.8804126,5.067336,2600.22561650445
            -73.8800512,5.0674369,2599.58338793031
            -73.8796641,5.067538,2598.32193260292
            -73.87935,5.0676093,2599.39703881101
            -73.8789728,5.0676716,2599.58559412419
            -73.8786307,5.0677498,2599.44097746365
            -73.878349,5.0678132,2599.59482813994
            -73.8781435,5.0678796,2600.11149508406
            -73.8780846,5.0678958,2600.04155959183
            -73.8780803,5.0678937,2599.9688272832
            -73.878073,5.0678963,2600.0583440581
            -73.8779347,5.0679604,2599.92075678139
            -73.8777092,5.0680527,2599.40604553849
            -73.8774673,5.0681847,2599.0499686362
            -73.8772834,5.0683269,2599.10114960304
            -73.8770956,5.0684711,2599.12072975116
            -73.8769492,5.0685809,2599.09494465499
            -73.876741,5.068746,2599.07787771764
            -73.8763878,5.0689759,2598.41283567391
            -73.8760912,5.0692161,2597.51306317849
            -73.8757527,5.0694496,2596.55468953639
            -73.8754722,5.0695893,2595.76195457296
            -73.8752212,5.069733,2596.1470632854
            -73.8748919,5.0700594,2595.82158772226
            -73.874582,5.0705557,2594.13571044675
            -73.8744239,5.0710098,2594.9520475592
            -73.8743627,5.07158,2595.96038864185
            -73.8743192,5.0720279,2595.38651382181
            -73.8742811,5.0723283,2597.06421008619
            -73.8742243,5.0726759,2597.25165438767
            -73.874135,5.0731309,2595.96139338016
            -73.8740256,5.0737068,2597.08945735937
            -73.8738531,5.0743084,2595.8674849894
            -73.8737258,5.0747319,2596.81540726245
            -73.8735741,5.0753008,2596.96641337846
            -73.8733578,5.0759159,2594.97974048707
            -73.8730059,5.0765382,2594.44297087911
            -73.8726033,5.0771957,2593.87987845073
            -73.8721383,5.0778596,2592.94395436718
            -73.8717779,5.0784378,2592.70781185407
            -73.8716122,5.0788134,2595.75904082727
            -73.8713851,5.0793429,2594.05375000476
            -73.8711089,5.0800039,2592.71010201024
            -73.8708056,5.0807214,2592.10546661126
            -73.8704257,5.081408,2591.54374544986
            -73.8700072,5.0820082,2594.16268416799
            -73.8696495,5.08245,2598.04289801075
            -73.8693158,5.0828226,2597.53767673226
            -73.8688822,5.083276,2595.77864574788
            -73.8684306,5.0837782,2594.28858262039
            -73.8679425,5.0843129,2592.78250322208
            -73.8674389,5.0848553,2590.75498046884
            -73.8668699,5.0853371,2590.06547517782
            -73.866237,5.0857662,2589.50385358263
            -73.8656153,5.0862412,2589.93087293621
            -73.8650859,5.0868396,2590.59221440698
            -73.8646935,5.0872764,2590.39311787608
            -73.8643817,5.087568,2594.54848980658
            -73.8640053,5.0879347,2593.90557444044
            -73.8636658,5.0883568,2594.08016324757
            -73.8633095,5.0887762,2594.65051616657
            -73.862839,5.0890652,2594.44233851478
            -73.8623914,5.0894492,2594.80009617961
            -73.8619945,5.0898684,2596.86367079933
            -73.8616722,5.090332,2598.69889776745
            -73.8613043,5.0907737,2598.41307318752
            -73.8610094,5.0910883,2599.28215994454
            -73.8607472,5.0914122,2600.38421704946
            -73.8605277,5.091823,2599.74110341406
            -73.86022,5.0922386,2599.80376576009
            -73.8598879,5.0926734,2601.75015634038
            -73.8595973,5.093012,2603.57927832809
            -73.8592438,5.0933771,2602.55256292845
            -73.8589004,5.0937187,2599.75621837343
            -73.8585564,5.0940606,2598.48578903247
            -73.8581796,5.0944229,2599.44905803832
            -73.8578065,5.0948022,2599.0789351143
            -73.8575082,5.095244,2597.47874072382
            -73.8571992,5.0957374,2595.15026929211
            -73.8568842,5.0962538,2595.93254546173
            -73.8565712,5.0967881,2596.50024469781
            -73.8562736,5.0973466,2595.03531859248
            -73.8560119,5.097858,2594.73018157316
            -73.8557957,5.0984109,2594.90006963917
            -73.8556215,5.0988651,2596.94342698902
            -73.8553469,5.0994006,2598.00177333358
            -73.8549547,5.0999559,2597.87314050171
            -73.8546741,5.1003616,2597.33194642371
            -73.8544344,5.1006432,2599.38037423665
            -73.8541377,5.1009024,2599.60940397343
            -73.8538167,5.1011409,2600.09247039445
            -73.8534378,5.1013292,2597.65223208418
            -73.8530359,5.1015553,2596.23704530339
            -73.8526261,5.101792,2596.25282891425
            -73.8521666,5.1020749,2597.62607526443
            -73.8516633,5.1023814,2597.32966803813
            -73.8511513,5.1026918,2597.85636244809
            -73.8506742,5.1030633,2598.22970888482
            -73.8502852,5.1034307,2599.14836836278
            -73.849844,5.1038005,2599.93025706712
            -73.8493442,5.1040981,2599.96940777505
            -73.8488589,5.1043473,2599.98060431552
            -73.8484271,5.1045741,2600.20434843677
            -73.8479768,5.1048778,2602.40574156126
            -73.8475519,5.1051493,2603.16669271457
            -73.8471095,5.1054078,2603.96127907601
            -73.8467977,5.1057413,2605.83902546745
            -73.8465824,5.1060137,2607.68629337991
            -73.8464081,5.1062568,2608.2433894912
            -73.8462333,5.1064925,2608.85634351044
            -73.8460176,5.1068113,2608.18167224249
            -73.8458147,5.1071904,2609.12249325222
            -73.8456979,5.1076414,2610.51963457571
            -73.8455826,5.1080313,2612.34268673941
            -73.8454038,5.1083681,2614.99800542397
            -73.8451016,5.1085119,2617.8000375283
            -73.8447559,5.1086371,2621.49765050824
            -73.8445283,5.1090736,2619.17374345297
            -73.8443432,5.109566,2618.64643074333
            -73.8441876,5.1100607,2621.53937018599
            -73.8440678,5.1104915,2625.22142616535
            -73.8439228,5.1108468,2628.93652306722
            -73.8437455,5.1111913,2630.67075324944
            -73.8435695,5.1114964,2635.39523343289
            -73.8433074,5.1117437,2641.24932980272
            -73.8432183,5.1120556,2644.74609890209
            -73.843131,5.1123794,2648.67998389595
            -73.8431158,5.1127399,2651.17228166149
            -73.8430935,5.1130561,2655.38132359241
            -73.8430408,5.1134643,2657.26536786727
            -73.8430137,5.1138657,2654.63907040513
            -73.8430169,5.1142163,2652.75636318822
            -73.8429967,5.1145825,2652.60652733822
            -73.8429441,5.1150094,2652.17884933584
            -73.8427827,5.1153116,2651.70152854376
            -73.8426021,5.1155754,2651.00348022982
            -73.842406,5.1158944,2650.92407478478
            -73.8422108,5.1161709,2651.00120031743
            -73.8420321,5.1163499,2651.23452117973
            -73.8417894,5.1165494,2651.64807460844
            -73.8416042,5.1168295,2652.32330662156
            -73.8414746,5.1170276,2653.47713285755
            -73.8414308,5.1172838,2656.60120109722
            -73.8416182,5.1175662,2658.30705291218
            -73.8417045,5.1179119,2661.55961140422
            -73.8417305,5.1182435,2665.45240313984
            -73.8416079,5.118558,2670.50157541049
            -73.8416693,5.1188875,2674.25776688236
            -73.8416774,5.1192432,2677.16364305724
            -73.8418442,5.1195919,2680.94839649649
            -73.8420048,5.1199711,2683.54902433723
            -73.8420312,5.1203872,2687.70356383697
            -73.8419545,5.1207508,2690.55739696154
            -73.8421148,5.1210455,2691.71616337431
            -73.8424035,5.1210155,2692.33571402303
            -73.8426249,5.1211614,2696.381567845
            -73.8427104,5.1214638,2699.56984994692
            -73.8429034,5.1217243,2702.09832547135
            -73.8428896,5.1220667,2706.58515148428
            -73.8429554,5.1224057,2709.02950649158
            -73.8430988,5.1227545,2711.13394981398
            -73.8431078,5.1230978,2713.3458979463
            -73.8430115,5.1235211,2715.0324907517
            -73.842842,5.1239501,2717.22074691341
            -73.8425865,5.1241799,2720.13041225477
            -73.8424088,5.1243799,2720.71446516232
            -73.842373,5.1244423,2719.98183942904
            -73.8423714,5.1244435,2719.87177702418
            -73.8423711,5.1244446,2719.78160824146
            -73.8423708,5.1244456,2718.91943197065
            -73.8423719,5.1244495,2719.31598536268
            -73.8423721,5.1244505,2719.61656210739
            -73.842369,5.1244465,2720.23192651383
            -73.8423728,5.1244463,2720.24610593618
            -73.8423704,5.1244486,2719.73073237276
            -73.8423709,5.1244489,2720.31459121095
            -73.8423873,5.1245074,2720.70269583279
            -73.8423663,5.1247636,2719.32732769061
            -73.8423226,5.1251118,2716.31145112296
            -73.8422793,5.1254616,2714.49725228669
            -73.8421763,5.1258278,2711.12506072909
            -73.8422218,5.1262673,2708.06042992435
            -73.8421599,5.1265578,2704.52131902485
            -73.841842,5.1267447,2700.45197992365
            -73.8416883,5.1270157,2700.71521437507
            -73.8416096,5.1273389,2702.29667169151
            -73.8413493,5.1276052,2705.55175782174
            -73.8409846,5.1278289,2706.4605714192
            -73.8405823,5.1280913,2708.56497684053
            -73.8402042,5.1283524,2712.37484680202
            -73.8398208,5.1285705,2713.8620589692
            -73.8395715,5.1289097,2714.76324899527
            -73.8395809,5.1293129,2718.32358958375
            -73.8396243,5.1297192,2721.16859739832
            -73.8395028,5.130102,2721.84365443538
            -73.8392174,5.1303444,2723.3718211599
            -73.8390212,5.1305883,2725.17629012209
            -73.8390448,5.1308966,2726.17685308706
            -73.8392684,5.1312457,2726.49674910868
            -73.8392441,5.1316883,2729.09109116427
            -73.8390096,5.132077,2731.29898470191
            -73.838841,5.1324929,2731.38825991712
            -73.8386691,5.132861,2728.18929247745
            -73.8384138,5.1332664,2725.58295504192
            -73.8380747,5.1335586,2722.95279175748
            -73.8377594,5.1336262,2722.46121878427
            -73.8374896,5.1338196,2723.77467291071
            -73.8373781,5.1340644,2728.47473066644
            -73.8375685,5.1342252,2733.12324134223
            -73.8377275,5.1344728,2737.7102018474
            -73.8376822,5.1348222,2741.129388242
            -73.8374266,5.135084,2744.70350722087
            -73.8371879,5.1353531,2749.35232833584
            -73.8368915,5.1354761,2754.35849211884
            -73.8365271,5.1355302,2758.37107349468
            -73.8362204,5.1356922,2762.12334880469
            -73.8358332,5.1357184,2766.39981240474
            -73.8355883,5.1358598,2770.25522613449
            -73.8353908,5.1361865,2774.99095086431
            -73.8350543,5.1363903,2779.19020513412
            -73.8348146,5.136394,2783.99145681182
            -73.8345809,5.1364642,2788.82362138197
            -73.8344645,5.1366839,2794.99769112902
            -73.834247,5.1369463,2799.35109755524
            -73.833998,5.1371603,2802.89497102542
            -73.8338252,5.1374437,2805.64990763988
            -73.8337163,5.137761,2808.90707538284
            -73.8336432,5.1381345,2812.4596307369
            -73.8335192,5.1384005,2818.59962627378
            -73.8334968,5.1387038,2822.48017670187
            -73.8333744,5.1389248,2828.42209734233
            -73.833207,5.1391325,2833.22087669262
            -73.833258,5.1394591,2837.30974121356
            -73.8332754,5.1397632,2840.51471234024
            -73.833092,5.1399935,2845.03681470037
            -73.8330744,5.1402441,2851.12936693361
            -73.8331212,5.1405489,2854.88994452424
            -73.8328768,5.1408069,2859.54294348402
            -73.8326548,5.1411071,2862.70667744027
            -73.8326103,5.1415219,2863.23253787209
            -73.8325402,5.1417134,2863.62828444635
            -73.8325239,5.1417372,2863.13010867003
            -73.8324632,5.1417836,2863.16537759187
            -73.8322424,5.1419577,2862.22378337677
            -73.8320368,5.1422286,2859.05944995741
            -73.831775,5.1424911,2855.11932385696
            -73.83149,5.1427642,2852.0358079809
            -73.8313508,5.1430908,2851.14980569638
            -73.8311628,5.143415,2847.18390930611
            -73.8309869,5.1437255,2841.55686371725
            -73.8307966,5.14408,2837.12582064922
            -73.830601,5.1443571,2834.67438381951
            -73.8304334,5.1445936,2833.14659104968
            -73.8302959,5.1448776,2826.8152100803
            -73.8302274,5.1450814,2822.62032383214
            -73.8300113,5.145159,2817.15948959842
            -73.8297981,5.1449519,2815.85710580616
            -73.8295563,5.1447235,2814.65297052746
            -73.829366,5.1444853,2812.42612839896
            -73.829146,5.144677,2811.43819659984
            -73.8289897,5.1449752,2812.38367463118
            -73.8289076,5.1453014,2814.8101596643
            -73.8289282,5.1456628,2816.23985012688
            -73.8287393,5.1458671,2820.62861786513
            -73.828756,5.1461114,2821.07090467034
            -73.8289025,5.146439,2819.82050917423
            -73.8290083,5.1468149,2818.08555031226
            -73.8289711,5.1471632,2819.02301024548
            -73.8287575,5.1474004,2820.87517633791
            -73.8287668,5.1476529,2822.5098171774
            -73.8285406,5.1478977,2824.88117649961
            -73.82831,5.1480767,2826.81182799598
            -73.8280235,5.1482658,2827.49259351708
            -73.8277722,5.1483098,2828.84039362563
            -73.8275507,5.1482293,2828.24971948471
            -73.8273643,5.1483163,2822.9949991363
            -73.8275714,5.148581,2821.73052782279
            -73.8278168,5.1488843,2820.82474763908
            -73.828134,5.149087,2816.21747254344
            -73.8281287,5.1494382,2817.55385125271
            -73.8280429,5.14977,2820.11017888771
            -73.8280058,5.1500605,2825.40697404942
            -73.8279615,5.150255,2829.82341157251
            -73.8278094,5.1505257,2833.55848570479
            -73.8275502,5.1507177,2837.08824407185
            -73.8272595,5.1508293,2841.95512493062
            -73.8271567,5.1510161,2842.23984329976
            -73.8273065,5.151317,2842.73711223816
            -73.8274085,5.1516299,2845.84811154789
            -73.8273846,5.1518772,2850.9265764653
            -73.8272653,5.1521631,2856.33219759438
            -73.8270879,5.1524343,2860.4814596038
            -73.8269185,5.1527383,2864.85130930257
            -73.8268172,5.1530386,2869.43285976428
            -73.8268337,5.1533314,2876.32941960429
            -73.8268699,5.1536323,2880.89348032479
            -73.8267677,5.1538172,2884.2816391417
            -73.8265764,5.1540601,2887.86513452647
            -73.8263431,5.1542204,2891.8828416809
            -73.826123,5.1544791,2890.55301613164
            -73.8261168,5.1548132,2889.78629047812
            -73.8260126,5.1551676,2887.94697908166
            -73.8257383,5.1554711,2888.00446584015
            -73.8254554,5.1557775,2884.26186147489
            -73.8251766,5.1559648,2885.91229812473
            -73.8249781,5.1562101,2888.68701493121
            -73.82488,5.1565308,2892.06909179688
            -73.8248437,5.1568543,2896.54973596929
            -73.8247649,5.1571606,2900.05840433726
            -73.8246944,5.1575303,2902.68870493741
            -73.8246404,5.1578235,2904.33930659926
            -73.8244486,5.1581045,2901.81516011319
            -73.8242836,5.1584271,2897.40055339028
            -73.8240171,5.1586307,2892.84267191345
            -73.823696,5.1587153,2889.40119202217
            -73.8233873,5.1589216,2885.84755935815
            -73.8230991,5.1590864,2879.20459622772
            -73.8229883,5.1593403,2876.09471242574
            -73.8229608,5.1597924,2872.88776008683
            -73.8228937,5.1601252,2872.79249749821
            -73.8226686,5.1602032,2878.17107036344
            -73.8224064,5.1602688,2882.70246253539
            -73.8221226,5.1604144,2887.55713928925
            -73.8219421,5.1606291,2891.87671493696
            -73.8218555,5.1609684,2896.75965884146
            -73.8217967,5.1613118,2899.93307204795
            -73.8217348,5.1616592,2904.46476204092
            -73.8216944,5.1619873,2908.96257421718
            -73.8217442,5.162355,2914.12719726562
            -73.8219579,5.1627014,2917.41869956838
            -73.8221961,5.1630625,2918.41186769229
            -73.8222589,5.1634637,2918.50442198587
            -73.822227,5.1638971,2919.36344141468
            -73.8221436,5.1642274,2923.43028031691
            -73.8218948,5.1644684,2927.66601959158
            -73.821707,5.1648238,2931.93969948534
            -73.8215605,5.165222,2934.01145766594
            -73.8214419,5.1656679,2935.97678172545
            -73.8213154,5.1661262,2936.40211332718
            -73.8212319,5.1665116,2935.08902093063
            -73.8209253,5.16684,2936.4675180579
            -73.8207581,5.1672314,2940.30896805712
            -73.8206454,5.1677201,2940.86219019193
            -73.8204958,5.1681598,2942.60455372278
            -73.8201948,5.1685618,2942.13107052034
            -73.8198893,5.1689198,2942.17374738005
            -73.8195562,5.1692639,2943.68479506405
            -73.8194434,5.1696936,2944.09431041158
            -73.8192673,5.170124,2943.99556360263
            -73.8190608,5.1705456,2939.37689419246
            -73.8188011,5.1709559,2939.12920119373
            -73.8186138,5.1714221,2939.13240048503
            -73.8183965,5.1718409,2941.78911228486
            -73.8180104,5.1718809,2944.25876467116
            -73.8175879,5.1718354,2946.10937376928
            -73.8172604,5.1718551,2949.30294760708
            -73.816984,5.1720032,2951.72213046012
            -73.8166896,5.1722803,2954.05642201655
            -73.8162941,5.1724304,2954.74722552581
            -73.8159007,5.1725754,2954.24266017775
            -73.8155395,5.1728173,2955.39716568921
            -73.8151977,5.1730361,2958.55949322393
            -73.8148267,5.173231,2960.18666250139
            -73.8145502,5.1731126,2961.18834575205
            -73.8144792,5.1727725,2963.47361363989
            -73.8143779,5.1723941,2963.41210655287
            -73.8142947,5.1720094,2963.10861150038
            -73.8140936,5.1716641,2963.72774803006
            -73.813874,5.1714628,2962.00097704028
            -73.8135448,5.1714397,2958.34533029095
            -73.813313,5.1716362,2957.42649385506
            -73.813048,5.1718018,2952.99814381344
            -73.8128697,5.1720519,2947.97490262294
            -73.812703,5.1723809,2940.62529356718
            -73.8123701,5.1726195,2935.16180486897
            -73.81204,5.1727227,2933.042059372
            -73.8117315,5.172938,2931.96724498765
            -73.8114235,5.1732842,2930.49803258429
            -73.811098,5.1734456,2926.97897574769
            -73.8108003,5.1733585,2927.18345720196
            -73.8104884,5.1733198,2928.80347911839
            -73.8102301,5.1734209,2931.1910286898
            -73.8100386,5.1736435,2930.81553432838
            -73.8097386,5.1739314,2926.80586978661
            -73.8093245,5.1740863,2922.47579045496
            -73.8089134,5.1741644,2922.54763702182
            -73.8086652,5.1741772,2923.0894295188
            -73.8083149,5.1742262,2923.80201018609
            -73.8079603,5.1742159,2924.96780224684
            -73.8076884,5.1743386,2928.51886947837
            -73.8073991,5.1744639,2930.48748503022
            -73.8070819,5.1745048,2930.77832807985
            -73.8066251,5.1745813,2929.88779104409
            -73.8061938,5.1747059,2926.71723040305
            -73.8058759,5.1748001,2924.38771014571
            -73.8058266,5.1748231,2923.21734496817
            -73.8057943,5.1748474,2922.38092782324
            -73.8056739,5.174874,2922.44709928461
            -73.8055484,5.1749183,2921.76211996539
            -73.8052965,5.175032,2920.6546479324
            -73.8049878,5.1751216,2917.95661690913
            -73.8046602,5.1751905,2913.42574179227
            -73.8043063,5.1752457,2910.88535156445
            -73.8039629,5.1753003,2906.47781528844
            -73.803565,5.1753717,2901.63558819378
            -73.8031345,5.1754447,2897.44154412071
            -73.8027542,5.1755353,2893.61681293858
            -73.8024208,5.175592,2890.05741811411
            -73.8021127,5.1759484,2886.06689881287
            -73.801813,5.1763446,2886.67367352803
            -73.8015534,5.1768391,2887.37976306919
            -73.801286,5.1773516,2887.76168598404
            -73.8010599,5.1778727,2888.78026636207
            -73.8009723,5.1784242,2888.51520335497
            -73.8009298,5.1789965,2888.83642854539
            -73.8008713,5.1795461,2888.42997559408
            -73.8006984,5.1800736,2888.80970576521
            -73.8005145,5.1805497,2889.48086833156
            -73.8003481,5.1811227,2888.5261948311
            -73.800169,5.1816395,2889.0548877144
            -73.8000174,5.1820838,2889.04636131939
            -73.7998399,5.1825303,2887.0479304782
            -73.7996008,5.1830184,2887.18433917554
            -73.7993331,5.1835022,2887.27013709017
            -73.7990421,5.1839828,2887.89671456684
            -73.7987376,5.1844891,2887.51941435952
            -73.7983813,5.1849994,2885.1102870062
            -73.7980003,5.1854937,2885.6896993922
            -73.7975976,5.1859888,2887.00742551434
            -73.7973089,5.1863535,2888.89677345874
            -73.7970058,5.186813,2888.65494622976
            -73.796678,5.1873039,2889.41357421875
            -73.7964253,5.1878282,2890.49862914779
            -73.7961632,5.1882838,2891.88446228577
            -73.7958727,5.1887188,2891.08585590401
            -73.7955684,5.1891129,2890.47234916766
            -73.7951746,5.1895628,2889.63910267853
            -73.7948255,5.1900851,2889.27445850756
            -73.7945617,5.1906013,2889.21955912375
            -73.7942349,5.1910715,2890.27305457228
            -73.7938085,5.1914545,2890.17631842328
            -73.7934236,5.1918014,2889.88402543473
            -73.7932039,5.1919658,2889.77884359119
            -73.793178,5.1919738,2891.25432837574
            -73.7931788,5.1919738,2890.85802613371
            -73.7931771,5.1919741,2890.61664197527
            -73.7931758,5.1919736,2891.09964728955
            -73.7931767,5.1919743,2891.32316961413
            -73.7931763,5.1919745,2890.96070770586
            -73.7931755,5.1919746,2890.61529506312
            -73.7931736,5.1919737,2890.52774079174
            -73.7931735,5.1919737,2890.24860945856
            -73.7931688,5.1919865,2890.41037362792
            -73.7931665,5.1919981,2890.93418735684
            -73.7931714,5.1919976,2890.96675335992
            -73.7931736,5.1919974,2891.41433886238
            -73.7931771,5.191996,2890.83497793825
            -73.7931734,5.1919934,2890.47238054134
            -73.7931662,5.1919917,2890.25205794073
            -73.7931908,5.1919834,2890.27366066945
            -73.7931894,5.1919863,2890.67750253881
            -73.7931888,5.1919854,2889.78476599073
            -73.7931848,5.1919791,2889.79615619248
            -73.793183,5.1919787,2890.12589198071
            -73.7931821,5.1919787,2889.82077094834
            -73.7931784,5.1919773,2889.73606769596
            -73.7930733,5.1920997,2889.83917377768
            -73.7928132,5.1923394,2888.940120427
            -73.7925252,5.1926264,2888.10398527322
            -73.7921871,5.1929526,2887.90918547229
            -73.7918413,5.1932865,2886.84977608163
            -73.7915176,5.1935487,2886.60677478537
            -73.7911806,5.1938155,2887.23570099978
            -73.7908018,5.1940906,2888.08253282313
            -73.7904705,5.1942209,2889.61665165663
            -73.7902694,5.194021,2890.00533745921
            -73.7901035,5.193692,2889.09921445804
            -73.7898677,5.1932679,2888.07978710607
            -73.7896049,5.1928036,2887.23075772336
            -73.7893432,5.1923293,2886.28009808107
            -73.7890977,5.1919465,2886.40638130518
            -73.7887313,5.1919728,2886.50992360952
            -73.788264,5.1921021,2885.41151289153
            -73.7878117,5.192218,2883.51942314698
            -73.7875184,5.1923245,2884.18576498619
            -73.7875553,5.1924554,2886.60101739918
            -73.7877526,5.1926268,2887.46930681696
            -73.7881141,5.1928693,2888.40026460064
            -73.7884344,5.193113,2891.1782049681
            -73.7885673,5.1936038,2894.47140726606
            -73.7885384,5.1941675,2898.91494469973
            -73.7884534,5.1945462,2903.72552155687
            -73.7883951,5.1946705,2907.10280721278
            -73.7883953,5.1946664,2907.36208889402
            -73.7883956,5.1946652,2907.29914441746
            -73.7883953,5.1946646,2907.3745865402
            -73.7883726,5.1947293,2907.46288772564
            -73.7882527,5.1950164,2908.49793498813
            -73.7880768,5.1954609,2911.53350146319
            -73.7880164,5.1960211,2915.40107597556
            -73.7881027,5.1966124,2919.9749998036
            -73.7884435,5.1971004,2922.35630003382
            -73.7888665,5.1975211,2925.36327785373
            -73.7892699,5.1979505,2929.48491589286
            -73.7894144,5.1985039,2935.64979695096
            -73.789393,5.1991324,2938.975925213
            -73.7893235,5.199748,2943.93070832011
            -73.7889835,5.2002289,2947.78662902718
            -73.7890408,5.2007609,2951.53327065891
            -73.7890662,5.2012626,2954.45574312053
            -73.7889485,5.2017273,2956.91129916575
            -73.7887032,5.2021914,2960.06236170665
            -73.7886912,5.2026773,2962.8051321518
            -73.7887942,5.2031913,2965.38885053478
            -73.7891964,5.2035309,2972.33951709967
            -73.7892162,5.2039835,2976.62495202729
            -73.7889527,5.2044837,2980.54316915581
            -73.7887913,5.2050459,2983.87109603758
            -73.788977,5.2054324,2990.44904087165
            -73.7891872,5.2057875,2993.33166468361
            -73.7892632,5.2062829,2995.96599161107
            -73.7892858,5.2068048,2997.94580561387
            -73.7891431,5.2073673,2995.41760251997
            -73.788896,5.2078857,2990.80463091656
            -73.7884956,5.2082905,2986.16977131028
            -73.7881721,5.2088011,2982.68299774591
            -73.7877447,5.2091418,2977.54041257913
            -73.7873685,5.2091862,2971.65985758163
            -73.78722,5.2088103,2970.45971266491
            -73.7871438,5.2085463,2966.53155787941
            -73.7868149,5.2085382,2965.42903411179
            -73.7864595,5.2086561,2963.01168062959
            -73.7862255,5.208831,2961.92902478136
            -73.7859855,5.2090465,2960.18794852608
            -73.7859018,5.209425,2958.22759713695
            -73.7855769,5.2097588,2953.92108427889
            -73.7854081,5.2100241,2950.66893681177
            -73.7854005,5.2104921,2947.64102625436
            -73.7850474,5.2109077,2944.71765309805
            -73.7849665,5.2113972,2940.54525547188
            -73.7846786,5.2118552,2936.62629507945
            -73.7843335,5.2122584,2933.33605403398
            -73.7841209,5.2128286,2930.86208590861
            -73.7839247,5.2133116,2926.39919465704
            -73.78372,5.2138296,2919.66992859237
            -73.7833723,5.2139948,2915.03686480185
            -73.7829582,5.2140172,2912.49442769205
            -73.7827757,5.2145401,2908.26222188895
            -73.782603,5.2151484,2903.52089118144
            -73.7822992,5.2157122,2897.17823030361
            -73.7821511,5.2161697,2891.31432903328
            -73.7824943,5.2162298,2886.4897060227
            -73.7827163,5.2161035,2882.49709180788
            -73.7829187,5.216065,2879.76753460146
            -73.7831105,5.2163758,2878.41236588579
            -73.7829404,5.21681,2872.57264293729
            -73.7826151,5.21718,2869.76025837388
            -73.7826229,5.2177243,2865.87256919788
            -73.7826802,5.2182269,2861.02637527315
            -73.7826175,5.2187546,2853.79550369402
            -73.7822784,5.2191473,2849.44494239615
            -73.7824966,5.219554,2843.76454484575
            -73.7829403,5.2199621,2835.6207958302
            -73.7830777,5.2203128,2826.91740155705
            -73.782974,5.2208186,2819.9712404858
            -73.7832151,5.2213974,2814.03866400612
            -73.7833984,5.2220735,2807.25046592064
            -73.7835812,5.2227466,2801.38912527768
            -73.783354,5.2232522,2797.68492591439
            -73.7831424,5.2233503,2796.78784873294
            -73.7831532,5.2233946,2794.70612946326
            -73.7833773,5.223265,2795.20148292356
            -73.7835438,5.2231227,2797.1127830525
            -73.7835873,5.2230931,2798.0984768048
            -73.7836034,5.2230748,2798.22493567301
            -73.7836024,5.2230728,2798.1855810434
            -73.783604,5.2230578,2798.17009568096
            -73.7834919,5.2231224,2798.00900903123
            -73.7831019,5.2233558,2797.20509230532
            -73.7826593,5.2236666,2794.39432825821
            -73.7821809,5.2240917,2788.3205938896
            -73.7817529,5.2244452,2781.08604002831
            -73.7816249,5.2249026,2775.174375508
            -73.7814549,5.2253499,2767.85809919458
            -73.7811553,5.2253382,2764.01039046151
            -73.7812519,5.2249402,2759.41477045274
            -73.7812139,5.2243603,2755.84912956849
            -73.7811246,5.223688,2754.21197031341
            -73.7809816,5.223171,2753.42635374712
            -73.7806316,5.2233125,2753.03341669791
            -73.7803836,5.2238666,2751.05001771797
            -73.7800331,5.2242389,2747.50902191739
            -73.7798035,5.2245458,2745.87457735679
            -73.7797286,5.2250118,2742.36490715009
            -73.7797061,5.2253285,2739.65272034087
            -73.7795896,5.2256961,2735.80779519086
            -73.7793807,5.226117,2732.6447921806
            -73.7791549,5.2264417,2728.07189819704
            -73.7787428,5.2264696,2724.71878948849
            -73.7784852,5.2266305,2722.27255952741
            -73.7786335,5.2269735,2719.79750814536
            -73.7789123,5.227448,2715.45468653678
            -73.7790396,5.2278487,2711.67343744036
            -73.7789219,5.2283564,2707.88183420357
            -73.7787969,5.2287708,2702.66224120725
            -73.7785922,5.2290416,2698.96581680218
            -73.7781574,5.2290902,2695.7635294553
            -73.7778233,5.2293583,2691.12747331603
            -73.7776588,5.229709,2686.6668631535
            -73.7777212,5.2300361,2682.79873401531
            -73.7778492,5.2304064,2679.44435352768
            -73.777905,5.2308786,2675.42079957164
            -73.7776533,5.2313596,2671.94959296853
            -73.7774029,5.2316074,2668.48395001745
            -73.7771496,5.2314523,2664.05239187581
            -73.7768541,5.2313227,2661.43818042097
            -73.776666,5.2317352,2658.7786988971
            -73.776698,5.2323623,2653.58150841433
            -73.7767518,5.2328639,2648.2129594334
            -73.7767708,5.2334222,2641.65504344413
            -73.7766508,5.2340415,2636.22819144496
            -73.7764724,5.2345668,2630.04115529616
            -73.7762652,5.2350808,2625.85746637955
            -73.7762539,5.2356335,2621.48283032057
            -73.7759827,5.2362441,2615.90150699152
            -73.7757097,5.2368135,2609.7609605679
            -73.7753133,5.2370316,2605.87106611381
            -73.774855,5.2368212,2603.31083393055
            -73.7742861,5.2369575,2601.76497854674
            -73.7736395,5.237282,2600.3145222694
            -73.7730162,5.2374585,2599.52300948096
            -73.7725534,5.2380015,2598.91253097317
            -73.7720731,5.2386337,2596.67289973142
            -73.7718785,5.2392976,2595.88212757437
            -73.7716416,5.2397926,2594.39937160679
            -73.7715891,5.2403269,2594.07618276813
            -73.7713858,5.2408971,2594.08993601202
            -73.7709371,5.2414199,2594.16083526071
            -73.7704369,5.2418766,2591.25408438715
            -73.7700305,5.2424128,2588.60943831679
            -73.7697129,5.2430807,2586.9927972413
            -73.7693583,5.2437806,2585.69225656823
            -73.7690686,5.2443225,2583.355678611
            -73.7687068,5.2450117,2582.8391183227
            -73.7684508,5.245543,2581.89265539642
            -73.7682538,5.245933,2581.58526059334
            -73.7679906,5.2464194,2582.12008636523
            -73.7676818,5.2469637,2581.41615888902
            -73.7675099,5.2473665,2582.97240137871
            -73.7673168,5.2477066,2582.9061264674
            -73.7671332,5.2480073,2580.9973457814
            -73.7669444,5.2482507,2580.61704717392
            -73.766762,5.2485721,2581.07660890939
            -73.7666434,5.2488237,2581.56359798189
            -73.7665603,5.2491354,2581.42395309461
            -73.7664819,5.2493998,2582.91769071402
            -73.7664785,5.2494929,2583.99402220471
            -73.7665014,5.2495047,2583.90014648438
            -73.7666606,5.2495943,2583.90014648438
            -73.7668551,5.2496905,2583.90014648438
            -73.7669832,5.2498235,2581.33749657853
            -73.7669407,5.2498857,2581.65941236223
            -73.7669396,5.2498872,2582.50024414062
            -73.7669584,5.2499304,2582.10009765625
            -73.7669233,5.2499808,2582.10009765625
            -73.7669541,5.2499773,2582.00024414062
            -73.7669658,5.2499751,2582.00024414062
            -73.7669727,5.2499722,2582.00024414062
            -73.7669688,5.2499668,2582.50024414062
            -73.7669672,5.2499638,2582.50024414062
            -73.7669668,5.2499616,2582.50024414062
            -73.7669728,5.2499546,2582.50024414062
            -73.7669812,5.2498889,2582.50024414062
            -73.7669657,5.2498665,2582.50024414062
            -73.7669633,5.2498683,2582.50024414062
            -73.766961,5.2498692,2582.50024414062
            -73.7669592,5.2498713,2582.50024414062
            -73.7669587,5.2498698,2582.50024414062
            -73.766958,5.24987,2582.2001953125
            -73.7669561,5.2498674,2582.50024414062
            -73.7669559,5.2498698,2582.2001953125
            -73.7669562,5.2498694,2582.2001953125
          </coordinates>
        </LineString>
      </Placemark>
    </Folder>
    <Folder>
      <name>Guacheta-Raquira.gpx</name>
      <Placemark>
        <name>Start of Track 1</name>
        <description><![CDATA[Friday, June 26, 2026, 9:20 PM GMT-05:00<br>Elevation: 8471 feet]]></description>
        <styleUrl>#icon-61</styleUrl>
        <Point>
          <coordinates>
            -73.7668435,5.2499528,2582.10009765625
          </coordinates>
        </Point>
      </Placemark>
      <Placemark>
        <name>End of Track 1</name>
        <description><![CDATA[Friday, June 26, 2026, 10:12 PM GMT-05:00<br>Elevation: 8884 feet]]></description>
        <styleUrl>#icon-123</styleUrl>
        <Point>
          <coordinates>
            -73.6859443,5.3846521,2707.807741561
          </coordinates>
        </Point>
      </Placemark>
      <Placemark>
        <name>Track 1</name>
        <description><![CDATA[Statistics computed from imported data<br><br>Friday, June 26, 2026, 9:20 PM GMT-05:00<br>Distance: 13.1 miles<br>Duration: 51 minutes and 39 seconds<br>Average Speed: 15.2 mph<br>Minimum Elevation: 8471 feet<br>Maximum Elevation: 9332 feet<br>Total climb: 1607 feet<br>Total descent: 1196 feet]]></description>
        <styleUrl>#line-E65100-5000</styleUrl>
        <LineString>
          <tessellate>1</tessellate>
          <coordinates>
            -73.7668435,5.2499528,2582.10009765625
            -73.7669115,5.2498759,2582.2001953125
            -73.7669144,5.2498827,2582.10009765625
            -73.7669152,5.2498819,2582.2001953125
            -73.7669163,5.2498809,2582.00024414062
            -73.7669181,5.2498801,2582.00024414062
            -73.7669178,5.2498791,2582.50024414062
            -73.7669201,5.2498801,2582.00024414062
            -73.7669214,5.2498806,2582.10009765625
            -73.7669224,5.24988,2582.50024414062
            -73.7669246,5.2498785,2582.50024414062
            -73.7669033,5.2498953,2582.00024414062
            -73.766903,5.2501469,2582.00024414062
            -73.7668945,5.2503,2582.00024414062
            -73.7668706,5.2504023,2582.00024414062
            -73.7667688,5.250624,2582.00024414062
            -73.7666498,5.2508372,2583.50024414062
            -73.7665759,5.2510879,2583.50024414062
            -73.766525,5.2514046,2583.50024414062
            -73.7666119,5.2516849,2583.50024414062
            -73.7665962,5.252057,2583.50024414062
            -73.7666536,5.2523818,2583.50024414062
            -73.766654,5.2527006,2585.23725308569
            -73.7666437,5.2529063,2585.51201833198
            -73.7666281,5.2531877,2586.16561626039
            -73.7666334,5.2533871,2586.96598455828
            -73.7666027,5.2535432,2586.93898406467
            -73.7665503,5.2538807,2586.29794112911
            -73.7664498,5.2543339,2585.4980531063
            -73.7663427,5.2548022,2583.50024414062
            -73.7662263,5.2552923,2585.41803452705
            -73.7661257,5.2558107,2586.38263474141
            -73.7661318,5.2563219,2587.69782530259
            -73.7662207,5.2566941,2589.36030200737
            -73.7661821,5.2570186,2594.62845664049
            -73.7659588,5.2573418,2599.92059280425
            -73.7659391,5.2576942,2604.7937502966
            -73.7658967,5.2579723,2610.87517390771
            -73.7659733,5.2582243,2616.54983788052
            -73.7661118,5.2584722,2621.66401301972
            -73.7661216,5.2588726,2621.72400041474
            -73.7661094,5.259306,2619.83472555817
            -73.766151,5.2596818,2619.01131756291
            -73.7661777,5.260108,2612.00713841596
            -73.7659473,5.2604758,2604.88794101288
            -73.7656924,5.2608361,2599.83475452425
            -73.7654132,5.2611559,2595.55327410176
            -73.765207,5.2615301,2593.25916779384
            -73.7649731,5.2619387,2591.07896669309
            -73.7647309,5.2623599,2590.25102353933
            -73.7645132,5.2628465,2590.2495015476
            -73.7642873,5.263345,2590.59405839064
            -73.764045,5.2638276,2591.15717240126
            -73.7637793,5.2642525,2592.70572672381
            -73.7634508,5.264675,2593.56713152842
            -73.763179,5.2650393,2595.04079261237
            -73.7629987,5.2654164,2597.82137687868
            -73.7628691,5.2658779,2598.31926494852
            -73.7627268,5.266328,2599.44244635934
            -73.7625426,5.2665992,2602.40743739959
            -73.7621793,5.266858,2602.86154429164
            -73.7617655,5.2672309,2603.94348557573
            -73.7613555,5.2676374,2605.57678375205
            -73.7609427,5.2681136,2608.09970274854
            -73.7605451,5.2685609,2611.00575697553
            -73.7601326,5.2690323,2613.39761709019
            -73.7597039,5.2694916,2615.4508819656
            -73.7592685,5.2699544,2617.93470343618
            -73.758883,5.2704309,2620.86215721325
            -73.7585303,5.2709006,2622.95568853006
            -73.7582163,5.2712096,2627.38886528049
            -73.7578315,5.2713946,2630.48406510704
            -73.7573487,5.2715609,2630.25244281475
            -73.7569391,5.2717556,2631.34466849399
            -73.7567109,5.2721166,2635.01990130182
            -73.7563524,5.2722608,2639.67414985482
            -73.7559346,5.2723651,2644.47766521154
            -73.7555941,5.2725452,2645.48030005424
            -73.7554248,5.2728234,2650.20212634279
            -73.7552256,5.2730132,2657.01901929334
            -73.7549289,5.2731355,2660.51047932584
            -73.7547882,5.2733497,2666.22130276487
            -73.7546612,5.2735036,2670.03535589611
            -73.7545468,5.2738207,2674.34069589837
            -73.7543434,5.273985,2680.36077280267
            -73.754026,5.274056,2682.69300591331
            -73.7536445,5.2740765,2686.89310933785
            -73.7533297,5.2741517,2692.85337006368
            -73.753419,5.274338,2695.74269942247
            -73.7535258,5.2745923,2693.55287266673
            -73.7533871,5.2748642,2690.18755828432
            -73.7531844,5.2752784,2686.32836936315
            -73.7529618,5.2756796,2685.76056424095
            -73.7527053,5.2759819,2690.21934408257
            -73.7524664,5.2763028,2694.4381572729
            -73.7523525,5.2766752,2695.24413514762
            -73.7520918,5.2768336,2697.31398506647
            -73.7517041,5.2769016,2700.48255487441
            -73.7515444,5.2771881,2703.31373261023
            -73.7513611,5.2774233,2708.49895856991
            -73.7511274,5.2772938,2712.6412991482
            -73.7508985,5.2774216,2715.56668515081
            -73.7508314,5.2776974,2721.09677848114
            -73.7507177,5.2779858,2726.19750246615
            -73.7504919,5.2782367,2733.04803967129
            -73.7502985,5.2785258,2737.64915098073
            -73.750065,5.2786452,2742.20506568602
            -73.7498315,5.278796,2745.8514437076
            -73.7497293,5.2790802,2750.55723688353
            -73.7496032,5.2793565,2757.35363625647
            -73.7495045,5.2796312,2763.06636075639
            -73.7494027,5.2799239,2768.54349519731
            -73.7492467,5.2801516,2772.2187405671
            -73.7490577,5.2803869,2776.48815211993
            -73.7488947,5.2806777,2779.05561789197
            -73.7486939,5.2809164,2780.73864620569
            -73.7484001,5.2808695,2780.74033507768
            -73.7481857,5.2810639,2784.38084228719
            -73.7479565,5.281299,2788.004172052
            -73.7477143,5.2815228,2792.8550032136
            -73.747454,5.2817,2798.20398064383
            -73.7472057,5.2818909,2803.3381609854
            -73.7469164,5.2820523,2809.85181185004
            -73.7468341,5.2823567,2818.20953149409
            -73.7467807,5.282629,2824.12336577539
            -73.7466262,5.2828456,2830.90191050535
            -73.7463945,5.2828324,2836.45656445197
            -73.7461248,5.2829841,2842.01998328703
            -73.745842,5.2829794,2844.37573983658
            -73.7455122,5.2829386,2844.41726265006
            -73.7451365,5.2830572,2844.10807095069
            -73.7447077,5.2830913,2843.41272573806
            -73.7443354,5.2831668,2843.90497626371
            -73.743955,5.2831693,2845.40619890719
            -73.7436193,5.2832515,2845.21170781128
            -73.743363,5.2832699,2845.01472505214
            -73.7430203,5.2832922,2841.51346330461
            -73.7426923,5.2833752,2837.73639841822
            -73.7424542,5.2835081,2835.54518946268
            -73.7420921,5.2836003,2834.82063840561
            -73.7417628,5.283484,2833.82783379366
            -73.7414983,5.2835715,2833.09844789537
            -73.7412141,5.2839039,2828.21026908911
            -73.7408468,5.2841511,2824.8773755557
            -73.7405487,5.2844113,2824.26694234832
            -73.7402654,5.284699,2821.85451926936
            -73.7398489,5.2849054,2815.81111271011
            -73.739441,5.2851072,2810.5341357032
            -73.7391053,5.2853865,2806.20061735285
            -73.7387957,5.2855969,2801.29935146297
            -73.7384456,5.2856963,2797.10473811179
            -73.7380114,5.285757,2789.94223238951
            -73.737627,5.2859093,2784.68382902239
            -73.7372102,5.2860243,2780.12155943463
            -73.7367612,5.2860515,2775.56853980766
            -73.7364207,5.2860865,2772.7770565036
            -73.7360273,5.2862275,2765.12337813142
            -73.7357053,5.2863434,2759.29858174968
            -73.7355013,5.2866051,2753.90488874876
            -73.7352341,5.2868351,2747.90606591102
            -73.7349585,5.2871158,2743.16607755995
            -73.7346771,5.2872722,2738.94851766793
            -73.7343851,5.2875246,2733.40837554431
            -73.73413,5.2876615,2728.55559736446
            -73.7338522,5.2875947,2722.52035518799
            -73.7338298,5.2873568,2719.30484354068
            -73.733673,5.2872256,2713.46538217842
            -73.7333153,5.2871772,2708.78294817016
            -73.7330467,5.2870707,2709.17701656263
            -73.7327767,5.28708,2714.69164066207
            -73.7325331,5.2869165,2718.96728885989
            -73.7323202,5.2867255,2724.44884754902
            -73.7320018,5.2867949,2731.00202623538
            -73.7316523,5.2869901,2734.46435748733
            -73.7314136,5.2871836,2740.9829054152
            -73.7312149,5.2873717,2746.93560082471
            -73.7309511,5.28749,2751.19454019813
            -73.7306222,5.2875356,2753.08784493859
            -73.7302778,5.287604,2751.78505871697
            -73.7299437,5.2876827,2748.52534027533
            -73.7295464,5.2878096,2745.97662707368
            -73.7291619,5.2879652,2740.93332866399
            -73.7287655,5.2881821,2738.88554307802
            -73.7283696,5.288356,2734.92472944946
            -73.7278941,5.2884781,2730.89451698691
            -73.7274803,5.2885527,2725.04813971694
            -73.7270917,5.2887751,2719.38370449008
            -73.7267712,5.2891113,2715.15456469814
            -73.7264107,5.2892888,2712.2104731518
            -73.7260036,5.2894119,2706.48791892238
            -73.7256742,5.2895584,2698.93216577277
            -73.7255541,5.2897005,2694.93707514086
            -73.7254539,5.289954,2693.08098019041
            -73.7255719,5.2902327,2688.51159906421
            -73.725455,5.2904618,2684.2267446262
            -73.7250869,5.2905362,2679.41209877974
            -73.7247526,5.2905263,2674.09200881242
            -73.7244948,5.2905844,2668.35908935816
            -73.7242386,5.2907342,2663.92491771074
            -73.7238689,5.2906306,2658.15186894531
            -73.7234518,5.2906718,2653.30297571643
            -73.7232508,5.2907925,2651.95381237783
            -73.7232192,5.2907994,2651.15523228792
            -73.7232088,5.2908124,2651.14433105954
            -73.7232094,5.2908132,2651.1246312887
            -73.723209,5.290814,2651.13588829509
            -73.7231043,5.2908896,2650.77848553517
            -73.722792,5.2909921,2649.08454221108
            -73.7225025,5.2911783,2646.28267077623
            -73.7221813,5.2913993,2642.50609005035
            -73.721745,5.2915047,2641.69658345581
            -73.7213259,5.2917746,2635.65502034949
            -73.7208798,5.2920662,2631.59124464111
            -73.7204175,5.2922045,2625.86724276099
            -73.7202052,5.2924684,2625.96065521887
            -73.719983,5.2925416,2621.83269554714
            -73.7197172,5.2927097,2616.31511142128
            -73.7194244,5.2930315,2610.9300045063
            -73.7192841,5.2932169,2612.81850942762
            -73.7191344,5.2933696,2616.33706623779
            -73.7190388,5.2934825,2617.32561369147
            -73.7190005,5.2935153,2619.52975749741
            -73.7188018,5.2936769,2620.2359003289
            -73.7184485,5.2937596,2621.19297244789
            -73.7181208,5.2939277,2618.29926007041
            -73.7178048,5.2942964,2616.47548018232
            -73.7174414,5.2946451,2616.46573840858
            -73.7171015,5.2949723,2615.96649178983
            -73.7167815,5.2954076,2614.42879063588
            -73.716365,5.2957499,2613.81207210388
            -73.7159696,5.2961207,2613.82975779236
            -73.7155807,5.296405,2613.58878406852
            -73.7150681,5.2966661,2616.48656860975
            -73.7146606,5.2966748,2618.8849736856
            -73.7143281,5.2967768,2620.13942534927
            -73.7139645,5.2969914,2617.72576084167
            -73.7137529,5.2972195,2615.65820177119
            -73.7135792,5.297456,2612.64448478607
            -73.7134731,5.2977826,2609.9730823031
            -73.7133125,5.298191,2608.83137653361
            -73.7131546,5.298507,2608.18377577254
            -73.7130224,5.2988359,2612.03476487204
            -73.7128872,5.2990982,2612.08076083568
            -73.7126941,5.2994911,2611.06484732811
            -73.712553,5.2997929,2611.26248749854
            -73.7124026,5.3001454,2611.93300769883
            -73.7122333,5.3006312,2610.89706730548
            -73.7123171,5.301114,2610.49924630775
            -73.7124966,5.3015179,2610.08631744309
            -73.7125373,5.3019352,2609.90432041843
            -73.7124386,5.302252,2608.44650609522
            -73.7123412,5.3025099,2608.82738284013
            -73.7121446,5.3028276,2606.84058655043
            -73.7118881,5.303181,2605.74440810521
            -73.7116053,5.3035412,2604.25082839322
            -73.7115051,5.3038552,2603.98548095532
            -73.7115053,5.304181,2603.46506878876
            -73.7115033,5.3042625,2602.93820823091
            -73.7114994,5.3042659,2602.52114093101
            -73.7115055,5.3044188,2602.53523873007
            -73.7115034,5.3047358,2602.52395322128
            -73.7115095,5.3050595,2601.04721413763
            -73.7115202,5.3053957,2598.40014648438
            -73.7115133,5.3057521,2600.237892068
            -73.7114956,5.3060748,2598.40014648438
            -73.7114462,5.3063554,2600.15335473803
            -73.7114168,5.3066002,2600.96220245456
            -73.7113985,5.3069251,2598.40014648438
            -73.7113521,5.3072444,2601.22356482026
            -73.7112653,5.307504,2600.87784742955
            -73.7111864,5.3075401,2602.10009765625
            -73.7111722,5.307543,2602.10009765625
            -73.7111725,5.3075449,2602.10009765625
            -73.7111722,5.3075456,2602.10009765625
            -73.7111727,5.3075464,2602.10009765625
            -73.711173,5.3075467,2602.10009765625
            -73.7111737,5.3075475,2602.7001953125
            -73.7111746,5.3075482,2602.10009765625
            -73.7111748,5.3075485,2602.10009765625
            -73.7111756,5.3075494,2602.7001953125
            -73.7111571,5.3075623,2602.10009765625
            -73.7111476,5.3075796,2602.90014648438
            -73.7111488,5.3075819,2602.10009765625
            -73.7111496,5.3075824,2602.10009765625
            -73.7111508,5.307582,2602.10009765625
            -73.7111517,5.3075818,2602.90014648438
            -73.7111528,5.3075816,2602.90014648438
            -73.7111532,5.3075814,2602.10009765625
            -73.7111537,5.3075814,2602.10009765625
            -73.7111546,5.3075814,2602.10009765625
            -73.7111445,5.3075957,2602.10009765625
            -73.7111423,5.3075938,2602.50024414062
            -73.711141,5.3075928,2602.10009765625
            -73.7111408,5.3075945,2602.10009765625
            -73.7112188,5.3076812,2602.90014648438
            -73.7112215,5.3078421,2602.90014648438
            -73.7111259,5.3081146,2602.7001953125
            -73.7110765,5.308336,2600.90014648438
            -73.711024,5.3085229,2602.90014648438
            -73.7109751,5.3086914,2602.90014648438
            -73.7109351,5.3089433,2602.7001953125
            -73.7108771,5.3092311,2602.7001953125
            -73.710855,5.3093225,2603.90014648438
            -73.7108461,5.309528,2602.90014648438
            -73.7107937,5.3099363,2602.90014648438
            -73.7106926,5.3104841,2602.7001953125
            -73.7104443,5.3110307,2601.60009765625
            -73.7101773,5.3115984,2600.90014648438
            -73.7099651,5.3120121,2601.60009765625
            -73.7099019,5.3121289,2601.60009765625
            -73.7098285,5.3122773,2601.60009765625
            -73.7096182,5.3126812,2601.60009765625
            -73.709334,5.3132093,2601.60009765625
            -73.7088993,5.3137469,2601.60009765625
            -73.7082694,5.3142343,2597.45641641784
            -73.7077038,5.314694,2596.98050988981
            -73.70756,5.315237,2601.60009765625
            -73.7076966,5.3158354,2599.72264551802
            -73.7074443,5.3163199,2600.00024414062
            -73.707147,5.3168235,2600.00024414062
            -73.7067581,5.3174532,2600.00024414062
            -73.7063316,5.318143,2598.07269006248
            -73.7060561,5.3186461,2597.93939080132
            -73.7058481,5.3190242,2598.39560732016
            -73.7056402,5.3194783,2598.15170900985
            -73.7053132,5.3200769,2596.52286581218
            -73.704958,5.3207665,2595.48281376604
            -73.7046618,5.321315,2594.92728395467
            -73.7044175,5.3217974,2595.62172668418
            -73.7041749,5.322302,2594.8036404208
            -73.7041256,5.322958,2595.15916100651
            -73.7040941,5.3236304,2595.74741010922
            -73.7038295,5.3241804,2596.45925997891
            -73.7033638,5.3245606,2597.21188773255
            -73.7030153,5.3250365,2598.14611849348
            -73.7025318,5.325525,2597.32777668495
            -73.7019546,5.3260171,2596.9443687242
            -73.7014405,5.3264801,2598.44370108737
            -73.7009301,5.3268573,2599.57671306586
            -73.7004633,5.3274089,2596.0247798755
            -73.7000747,5.3278388,2594.10858510591
            -73.6998524,5.3280739,2594.31207224763
            -73.6996638,5.328331,2593.9298084671
            -73.6997051,5.3286438,2593.65887616654
            -73.700065,5.3290666,2593.53567083792
            -73.7004181,5.3296532,2594.53819826469
            -73.7008719,5.3301974,2594.72186887797
            -73.7011324,5.330798,2594.65066151201
            -73.701012,5.3314918,2594.93637149718
            -73.7011352,5.3322291,2594.26767421485
            -73.701212,5.3330193,2593.26977729289
            -73.7014987,5.3337231,2595.26957588194
            -73.7019139,5.33446,2595.37716369659
            -73.7023936,5.3352284,2595.71254354517
            -73.7029104,5.3359194,2596.11616215967
            -73.703167,5.3363013,2595.87387453497
            -73.7034236,5.3365895,2595.95699490087
            -73.7037897,5.3370849,2595.23465266021
            -73.7042079,5.3376792,2592.94715693355
            -73.704702,5.3382759,2591.88058266373
            -73.7051752,5.3389497,2591.64122027726
            -73.7055522,5.3397492,2590.78593417044
            -73.7058889,5.3406109,2589.85449314387
            -73.7062764,5.3414019,2589.63992723404
            -73.7065963,5.3418683,2591.92527445939
            -73.706851,5.3421588,2592.41774930694
            -73.7069632,5.34247,2592.60838404468
            -73.7069809,5.342797,2591.78441288797
            -73.7070122,5.3432058,2590.73537183784
            -73.7071264,5.3436467,2589.84176647729
            -73.7072986,5.3440738,2589.35673211042
            -73.7075028,5.3445184,2588.93004782219
            -73.7076535,5.3449698,2589.39893139524
            -73.7075762,5.345334,2589.26086105557
            -73.7073374,5.3456028,2589.1436528499
            -73.707093,5.3458562,2589.05795029528
            -73.7068984,5.3462094,2588.7792665394
            -73.7067931,5.346674,2588.66457559052
            -73.7066406,5.3470948,2588.63538739622
            -73.7064684,5.3475569,2588.4818934535
            -73.7062867,5.3480468,2587.56140508489
            -73.7060981,5.3485081,2587.28855161627
            -73.7058766,5.3490161,2586.85827130331
            -73.7056946,5.3494893,2585.94692716748
            -73.7056137,5.3499289,2585.62044007715
            -73.7056345,5.3504223,2585.65201284083
            -73.7055727,5.3509318,2584.42195412736
            -73.7054428,5.3514264,2583.98906556809
            -73.7053303,5.3518944,2583.31083643139
            -73.7052657,5.3522662,2583.35707680881
            -73.7051674,5.3525153,2583.89373705803
            -73.7050381,5.3528077,2583.96148956594
            -73.7048702,5.3531295,2583.34487612773
            -73.704624,5.3534302,2583.07793000071
            -73.7044221,5.3537277,2583.01385671431
            -73.7043997,5.3541216,2582.88358881174
            -73.7044039,5.3545413,2583.02668280694
            -73.7044234,5.3549983,2583.17466305145
            -73.7045186,5.3553459,2584.30187762116
            -73.7044252,5.3557886,2582.99594390965
            -73.7044712,5.3562654,2581.80381015546
            -73.7044893,5.3567124,2581.5448720849
            -73.704497,5.3572393,2581.94841426404
            -73.7045469,5.3577337,2581.90773807385
            -73.704609,5.3582185,2582.42673527046
            -73.7045826,5.3586732,2582.59340241482
            -73.704569,5.3591801,2582.56044605389
            -73.7046048,5.3596923,2583.73416744271
            -73.7046771,5.3602987,2585.82018555478
            -73.7048336,5.3609504,2587.50071738932
            -73.705033,5.3615959,2588.80150495509
            -73.705468,5.3622002,2587.88021821157
            -73.7060311,5.3625668,2587.74230103733
            -73.7066324,5.3629099,2587.44205683155
            -73.7066737,5.3634019,2588.05351012129
            -73.7064414,5.363902,2590.35972139069
            -73.706187,5.3644247,2593.32899864353
            -73.7059984,5.3649124,2598.8078552713
            -73.7059418,5.3654418,2603.2161128246
            -73.706051,5.3660138,2607.33413126399
            -73.7061694,5.3665159,2611.84047429864
            -73.7059312,5.3668825,2618.22271025639
            -73.7055447,5.3671544,2622.43085715341
            -73.7051204,5.3674629,2627.18970256167
            -73.7046918,5.3679282,2629.97928407644
            -73.7042702,5.3684075,2634.39673651679
            -73.7038387,5.3688301,2641.71415626372
            -73.7033342,5.3690837,2649.02864400077
            -73.702883,5.3693521,2656.05502066875
            -73.7024581,5.3697465,2661.54703039286
            -73.7020689,5.3700685,2665.60737743749
            -73.7018244,5.3704904,2669.561551669
            -73.7021382,5.3709087,2671.73573355843
            -73.7027268,5.3709769,2674.43411268709
            -73.7030212,5.3712828,2678.67086611364
            -73.7028917,5.3716641,2685.23802677224
            -73.7026378,5.3718112,2691.7723234565
            -73.7023369,5.3718547,2696.20478086464
            -73.702033,5.371995,2701.90402552166
            -73.7017337,5.3722632,2705.63814608634
            -73.701384,5.3726518,2709.64129610365
            -73.700935,5.3729096,2715.64433667313
            -73.7004839,5.373099,2723.51804624507
            -73.7000764,5.3734346,2731.423428997
            -73.6996759,5.373784,2735.00649627065
            -73.699335,5.3740093,2741.36994575594
            -73.6990393,5.374225,2745.22524234098
            -73.6986368,5.3745197,2746.22715820678
            -73.6981136,5.374801,2747.61479100394
            -73.6975958,5.3751098,2744.69108009276
            -73.6970901,5.3755514,2738.60776347633
            -73.6965274,5.3760488,2731.51073664131
            -73.6958858,5.3765444,2725.65689189088
            -73.6952599,5.377028,2723.57250518175
            -73.6946281,5.377451,2720.08543295467
            -73.6938852,5.377694,2714.88161330968
            -73.6931908,5.3781495,2712.65529231089
            -73.6924538,5.3784995,2710.81151115234
            -73.6917728,5.3786671,2710.44391765206
            -73.691359,5.3789924,2711.86261330786
            -73.691005,5.3795617,2711.71090300675
            -73.6906796,5.3800072,2709.88533329653
            -73.6904688,5.3802687,2709.10111138622
            -73.6901068,5.3807094,2707.45951116213
            -73.6899312,5.380925,2707.5442002778
            -73.6896454,5.3812648,2706.97919366853
            -73.6893434,5.381625,2705.65366261252
            -73.6891915,5.3818062,2705.72710511758
            -73.6889339,5.3820691,2705.49154034192
            -73.6886984,5.3823301,2705.21925364863
            -73.6884847,5.3825636,2705.19429902967
            -73.6882912,5.3828116,2705.30693940732
            -73.6880497,5.383091,2704.9311412547
            -73.6878696,5.3832839,2705.1739692018
            -73.6876139,5.3835704,2704.99969828931
            -73.6874426,5.3837672,2705.02549119079
            -73.6872085,5.3840413,2704.86258080759
            -73.68696,5.3843165,2704.9697361244
            -73.686775,5.3845914,2705.4534823048
            -73.6865789,5.3848708,2705.77892220827
            -73.6864298,5.3849958,2705.49288214773
            -73.6862712,5.3849131,2705.55663957297
            -73.6861359,5.384795,2706.21771946919
            -73.6859765,5.3846738,2706.74612547638
            -73.6859405,5.3846499,2707.7704322092
            -73.68594,5.3846475,2707.83259200537
            -73.6859442,5.3846523,2707.87314212612
          </coordinates>
        </LineString>
      </Placemark>
    </Folder>
    <Folder>
      <name>Raquira -  Guacheta - Lenguazaque.gpx</name>
      <Placemark>
        <name>Start of Track 1</name>
        <description><![CDATA[Friday, June 26, 2026, 10:12 PM GMT-05:00<br>Elevation: 8883 feet]]></description>
        <styleUrl>#icon-61</styleUrl>
        <Point>
          <coordinates>
            -73.6859455,5.3846525,2707.67666401176
          </coordinates>
        </Point>
      </Placemark>
      <Placemark>
        <name>End of Track 1</name>
        <description><![CDATA[Friday, June 26, 2026, 11:36 PM GMT-05:00<br>Elevation: 7113 feet]]></description>
        <styleUrl>#icon-123</styleUrl>
        <Point>
          <coordinates>
            -73.6326945,5.5416005,2167.90014648438
          </coordinates>
        </Point>
      </Placemark>
      <Placemark>
        <name>Track 1</name>
        <description><![CDATA[Statistics computed from imported data<br><br>Friday, June 26, 2026, 10:12 PM GMT-05:00<br>Distance: 18.5 miles<br>Duration: 1 hours, 24 minutes, and 17 seconds<br>Average Speed: 13.2 mph<br>Minimum Elevation: 7112 feet<br>Maximum Elevation: 9987 feet<br>Total climb: 1660 feet<br>Total descent: 3431 feet]]></description>
        <styleUrl>#line-E65100-5000</styleUrl>
        <LineString>
          <tessellate>1</tessellate>
          <coordinates>
            -73.6859455,5.3846525,2707.67666401176
            -73.6859445,5.3846531,2707.8171909887
            -73.6859454,5.3846524,2707.53831039198
            -73.6859453,5.3846525,2707.56531023116
            -73.6859452,5.3846524,2707.42223581991
            -73.6859406,5.3846501,2704.7001953125
            -73.685846,5.3845097,2707.12497881536
            -73.6858864,5.3843323,2707.75648385808
            -73.6860905,5.3841121,2704.7001953125
            -73.6862777,5.3839049,2705.60009765625
            -73.686417,5.3838278,2705.60009765625
            -73.686521,5.3839245,2705.60009765625
            -73.6867476,5.3841211,2704.7001953125
            -73.6869131,5.3842817,2702.94739564343
            -73.686951,5.3843114,2702.80004882812
            -73.6870929,5.3844135,2702.7001953125
            -73.687287,5.3845744,2702.7001953125
            -73.687533,5.3847773,2701.00024414062
            -73.6876814,5.3848966,2699.90014648438
            -73.6878645,5.3850512,2699.90014648438
            -73.6878926,5.3851658,2699.60009765625
            -73.6878029,5.385267,2699.40014648438
            -73.6877949,5.3852619,2699.40014648438
            -73.6878019,5.3852655,2699.50024414062
            -73.6878029,5.3852659,2699.2001953125
            -73.6877757,5.3853054,2699.60009765625
            -73.687623,5.3855634,2699.60009765625
            -73.6874372,5.3858099,2699.60009765625
            -73.6872735,5.3860548,2698.80004882812
            -73.6870327,5.386386,2698.80004882812
            -73.6868895,5.3865861,2698.10009765625
            -73.6867149,5.3868084,2698.10009765625
            -73.6865663,5.3870392,2698.10009765625
            -73.6864788,5.3871911,2698.10009765625
            -73.6865654,5.3873319,2698.10009765625
            -73.6865716,5.3875318,2698.10009765625
            -73.6865827,5.3877265,2694.7001953125
            -73.6865811,5.3879064,2694.7001953125
            -73.6865844,5.3880788,2694.7001953125
            -73.6865798,5.3882585,2694.60009765625
            -73.6865692,5.3885096,2694.60009765625
            -73.6865884,5.3888336,2692.76289563256
            -73.6865708,5.3892398,2692.73390230127
            -73.6865312,5.3895531,2691.96191753859
            -73.6864483,5.3899063,2691.43524042771
            -73.6862969,5.3903142,2690.65987333737
            -73.6861643,5.3907496,2690.16860021072
            -73.6860098,5.3912366,2689.91746360713
            -73.6858297,5.3917156,2689.26010884727
            -73.6857407,5.3919979,2689.38349837343
            -73.6856031,5.3924487,2689.2244644423
            -73.6854715,5.3929046,2689.09477844653
            -73.6853003,5.3934334,2689.28771360064
            -73.6850845,5.3940452,2688.11404058103
            -73.6848876,5.3946257,2687.94530990341
            -73.6846825,5.3951376,2688.04038611692
            -73.6844382,5.3957877,2686.75728222695
            -73.6842332,5.3964605,2686.0133926206
            -73.6840305,5.3971395,2685.00026229117
            -73.6838218,5.3977324,2684.12355350054
            -73.6836135,5.3983285,2682.35768398672
            -73.683387,5.3989875,2681.38588205286
            -73.6831439,5.3996534,2681.4976738255
            -73.6829012,5.4003486,2680.62905384499
            -73.6826444,5.4010922,2679.91113833918
            -73.6824262,5.4017029,2679.30917899623
            -73.6821208,5.4024151,2678.48193083186
            -73.6818264,5.4030085,2679.15802550611
            -73.6815833,5.4035614,2679.03457093779
            -73.6813908,5.4040092,2679.194216846
            -73.6812593,5.4045035,2678.26211909142
            -73.6811784,5.4050497,2676.80222980645
            -73.6811295,5.4056063,2676.96496544295
            -73.6810346,5.4060822,2677.59970419862
            -73.6810234,5.4065333,2683.64630632717
            -73.6811597,5.40713,2685.37108439786
            -73.6813609,5.4077419,2682.29782343899
            -73.6812279,5.4083238,2679.73662416194
            -73.6808901,5.4088506,2683.41314813654
            -73.6808127,5.4093719,2685.62889116621
            -73.6810372,5.4100253,2683.23582851378
            -73.6811764,5.4106153,2677.21985064937
            -73.6812496,5.4110017,2676.58161730837
            -73.6813139,5.4113635,2676.98578988619
            -73.6813602,5.4118105,2677.34856013012
            -73.6815162,5.4122929,2679.7604822513
            -73.6817205,5.4127011,2683.67862463037
            -73.6819029,5.4128947,2690.08984328886
            -73.6817546,5.4131377,2696.52148839928
            -73.6815076,5.4132765,2701.31505384906
            -73.6813599,5.4136166,2705.6800720847
            -73.6812039,5.4139916,2710.63307458675
            -73.6811702,5.4143898,2715.62887173811
            -73.681093,5.414766,2721.81357842001
            -73.6809709,5.4150492,2725.51024078587
            -73.6807337,5.4153846,2728.44086571642
            -73.6804384,5.4157401,2730.80460415345
            -73.6801447,5.4161087,2733.85590456256
            -73.6798592,5.4164894,2736.16029238641
            -73.679547,5.4168803,2736.48475449506
            -73.6791358,5.417164,2736.42980623203
            -73.6786596,5.4173707,2735.67019097435
            -73.6781727,5.4175355,2736.59443095524
            -73.6776515,5.417655,2736.40804047409
            -73.6771999,5.4178434,2736.11391572376
            -73.6767638,5.4180754,2735.50076944768
            -73.6763776,5.4182621,2734.53451631236
            -73.6759417,5.4184551,2735.01768322015
            -73.6754715,5.418669,2734.66029961138
            -73.6750102,5.418918,2733.45649101282
            -73.6745586,5.4191836,2730.83755515685
            -73.6741593,5.419416,2725.64450729649
            -73.6736956,5.4196496,2722.56122977906
            -73.6732577,5.4197971,2721.63116338635
            -73.6726797,5.4199389,2719.1477476612
            -73.6721708,5.4200336,2718.19224150314
            -73.671618,5.4201028,2715.14130448418
            -73.6710868,5.4201707,2713.58468823279
            -73.6705727,5.4203703,2711.98873755877
            -73.6700964,5.4205811,2711.32518661302
            -73.6695734,5.4207206,2708.76659292176
            -73.6691502,5.4209733,2707.87167839604
            -73.6687908,5.4213485,2709.17922197802
            -73.6684421,5.4217013,2713.13907526078
            -73.6680751,5.4219414,2716.4458923436
            -73.66769,5.4221373,2721.48954489333
            -73.6673056,5.4223031,2723.86533790005
            -73.667003,5.4223936,2724.1329762805
            -73.6666179,5.4225645,2721.85377150996
            -73.666216,5.4228093,2716.40337254932
            -73.6658703,5.4230665,2714.63757083281
            -73.6657156,5.4235364,2713.5882727336
            -73.6655538,5.4240908,2711.81656442745
            -73.6653965,5.4246688,2712.29067985354
            -73.6652934,5.4252486,2713.67120790026
            -73.665195,5.425829,2716.03682076897
            -73.6649611,5.426301,2717.26725882205
            -73.6645478,5.4265805,2717.60965868725
            -73.6640889,5.4267624,2714.86080281254
            -73.6637632,5.4270833,2711.49799967894
            -73.6636283,5.4274857,2710.49146286442
            -73.6633344,5.427723,2708.28797198684
            -73.6629662,5.4278205,2705.24342032335
            -73.6626451,5.4278502,2703.19798914645
            -73.6622931,5.4278288,2700.06582827092
            -73.6620896,5.4280272,2696.87135916022
            -73.6620582,5.4280796,2696.5403766676
            -73.6620577,5.4280789,2696.75595671892
            -73.6620575,5.4280789,2696.66545748143
            -73.6620465,5.4281283,2696.41037404553
            -73.6620146,5.4281643,2696.26888029434
            -73.6620227,5.4281538,2696.34399895763
            -73.6620255,5.4281558,2697.09250911433
            -73.6620283,5.4281561,2696.89197751116
            -73.6620294,5.4281568,2696.58279875016
            -73.6620325,5.42816,2696.450317338
            -73.6620295,5.4281536,2696.38265350225
            -73.6620301,5.428152,2696.61764434504
            -73.6620303,5.4281513,2696.66207451179
            -73.6620308,5.4281507,2696.50643915221
            -73.6620311,5.4281501,2696.38527155651
            -73.6620277,5.42815,2696.27801838694
            -73.6620257,5.4281516,2695.86539417065
            -73.6620254,5.4281529,2696.08838377432
            -73.662037,5.4281408,2695.89285578243
            -73.6620704,5.4280967,2695.53644845597
            -73.6620679,5.4280865,2695.76617306067
            -73.6620659,5.4280848,2695.7859676175
            -73.6620656,5.4280838,2695.60240493391
            -73.6620648,5.4280837,2695.51958325285
            -73.6620646,5.4280827,2695.33567687622
            -73.6620645,5.4280822,2695.29482017215
            -73.6620633,5.4280818,2695.72965678616
            -73.6620626,5.4280825,2695.66097245638
            -73.6620618,5.4280825,2695.6156272691
            -73.6620127,5.4282091,2695.49842437431
            -73.662077,5.4284301,2696.76161295288
            -73.6621311,5.4286825,2699.71043222566
            -73.661921,5.4288651,2701.85044162947
            -73.6616351,5.4290623,2704.74021070981
            -73.6617027,5.4292919,2706.45208043284
            -73.6620253,5.4291588,2708.20330147876
            -73.6623077,5.4292485,2711.67173492255
            -73.6622888,5.4295915,2715.26586720695
            -73.6621801,5.4299704,2717.07731885579
            -73.6623267,5.4302244,2718.85154389157
            -73.6626019,5.4303915,2720.07708450651
            -73.6628639,5.4306888,2722.71070280858
            -73.6633044,5.4306959,2724.44243013026
            -73.6637501,5.4306782,2727.02446528711
            -73.6641404,5.4309092,2729.86104506213
            -73.6641113,5.4311518,2736.69671646859
            -73.6638547,5.4313252,2738.53410260008
            -73.6637095,5.431605,2742.61742104333
            -73.6638733,5.4319811,2745.43895084267
            -73.6641254,5.4322846,2748.53145682418
            -73.6642851,5.4325775,2752.98414721056
            -73.6642586,5.4328942,2757.31660477688
            -73.6645111,5.4330618,2761.08734625211
            -73.6645454,5.4331268,2763.20831057457
            -73.6645432,5.4331247,2763.76991372136
            -73.6645417,5.4331269,2763.96790756611
            -73.6645175,5.4332395,2763.74731348864
            -73.6642099,5.4333762,2765.38638873946
            -73.6639018,5.4333308,2767.90947778592
            -73.66372,5.4335749,2772.56192107485
            -73.6637023,5.4339132,2776.56978513754
            -73.6639265,5.4342532,2778.27898164274
            -73.6639163,5.434614,2780.89752008642
            -73.6636125,5.434787,2784.55383354494
            -73.6633426,5.4347324,2787.96602235346
            -73.6632064,5.4345085,2790.46807938506
            -73.6629745,5.4343894,2792.73514826064
            -73.6628268,5.4346787,2796.57569203803
            -73.6627747,5.4350252,2799.67039704658
            -73.6628896,5.4353315,2802.84660402471
            -73.6628153,5.4356876,2806.2562278427
            -73.6627469,5.4359681,2810.4820765567
            -73.6626665,5.436242,2816.25766733358
            -73.6625322,5.4365321,2819.24469051339
            -73.6624105,5.4368739,2822.51247838937
            -73.6621764,5.437127,2826.86084244473
            -73.6619217,5.4373909,2831.02459530143
            -73.6616261,5.4376751,2834.5948408076
            -73.6613421,5.4379392,2838.23311700867
            -73.6612873,5.4382843,2842.74580216026
            -73.6615728,5.4386046,2845.77728871667
            -73.6618311,5.4388986,2848.78978976323
            -73.6617545,5.4391846,2851.70165362607
            -73.6614249,5.4391425,2855.86912458292
            -73.6610205,5.438939,2856.94311646202
            -73.6607139,5.4390887,2858.74090753495
            -73.660558,5.4394992,2863.57351545956
            -73.6603763,5.439935,2865.73930391457
            -73.6602748,5.4403413,2869.56453564501
            -73.6604511,5.4405734,2873.47159954783
            -73.6607777,5.4404838,2877.07809727872
            -73.6611133,5.4402278,2879.81146096253
            -73.6614467,5.4401604,2881.19824729287
            -73.6616496,5.4403925,2883.72549866249
            -73.6615154,5.4406664,2887.04271181991
            -73.6613542,5.4409865,2889.02829320157
            -73.6611722,5.4412519,2891.78007685525
            -73.6609057,5.4415706,2895.86602629558
            -73.6606145,5.4418636,2897.86516600765
            -73.6604829,5.4421685,2901.92784121682
            -73.6607293,5.4424511,2905.08547062849
            -73.6610181,5.4427291,2908.25130849042
            -73.6609692,5.4430755,2912.45976826408
            -73.6607435,5.4433484,2914.75102533316
            -73.6605274,5.4436098,2917.72370652387
            -73.660446,5.4440257,2920.61246018003
            -73.6603725,5.4444297,2922.17134571367
            -73.6601747,5.444672,2924.6481453272
            -73.6598712,5.444489,2926.85523072325
            -73.6599131,5.4441564,2929.83053514364
            -73.6601038,5.4437465,2932.03632206693
            -73.6602746,5.4433547,2934.29791364768
            -73.660224,5.4429841,2936.99923099257
            -73.6599846,5.4426551,2939.86366901566
            -73.6596867,5.4424046,2944.36892339223
            -73.6593607,5.4425871,2948.54099541545
            -73.6591743,5.4429782,2952.09744301835
            -73.6589373,5.4433395,2955.22110626406
            -73.6585563,5.4434311,2958.52958001183
            -73.6581608,5.4436115,2961.66433054849
            -73.6577436,5.4438992,2964.35625492235
            -73.6573168,5.4442045,2964.53927581962
            -73.656896,5.4444668,2964.30706282157
            -73.6564727,5.4447581,2966.23911026033
            -73.6560784,5.4450606,2967.58027333305
            -73.655755,5.4454413,2967.73650343358
            -73.6554225,5.4457978,2969.83555959536
            -73.6551577,5.4461002,2976.69453422345
            -73.6549108,5.446409,2980.57325105608
            -73.6546338,5.4467649,2983.52101417048
            -73.6543121,5.4471502,2985.05778922108
            -73.6539826,5.4475491,2987.9244174705
            -73.6536838,5.4479511,2988.97749643291
            -73.6533956,5.4483976,2991.43050306466
            -73.653096,5.4488786,2994.19089254306
            -73.6527947,5.4493591,2993.51175011102
            -73.6525125,5.4498305,2992.50765197804
            -73.652231,5.450316,2988.98240775804
            -73.6519291,5.4507971,2988.27703681783
            -73.6516411,5.4512806,2988.87368365281
            -73.6513239,5.4517313,2991.10696079974
            -73.6509114,5.4520794,2992.94415936758
            -73.6505431,5.4523178,2996.17468098482
            -73.6501684,5.4525843,3001.8662876246
            -73.6497918,5.4528451,3007.55171830663
            -73.6494162,5.4531588,3009.26614970701
            -73.6490602,5.4534869,3010.43266620235
            -73.6486497,5.4538649,3009.43574983338
            -73.6482581,5.45425,3009.41332709563
            -73.6478177,5.4546481,3010.29008665244
            -73.6473728,5.4550498,3009.78646809124
            -73.6470005,5.4554135,3008.68406512728
            -73.6465571,5.4558192,3006.98994990405
            -73.6460735,5.4562348,3007.46135001859
            -73.6456907,5.4566029,3009.58738702692
            -73.6452363,5.4570179,3011.58184003421
            -73.6448105,5.4574006,3010.33825166956
            -73.644365,5.4577997,3007.16813034033
            -73.6439496,5.4582171,3007.83639874967
            -73.6435904,5.4585296,3014.38377510963
            -73.6432518,5.4588417,3019.11960036051
            -73.6428737,5.4591898,3022.45275349436
            -73.6424759,5.4595355,3023.1689453125
            -73.6421045,5.4599142,3024.9534838988
            -73.64179,5.4603574,3027.28353676144
            -73.6414717,5.460812,3026.52674033669
            -73.6411144,5.4612957,3025.72763041018
            -73.6408527,5.4617239,3028.6683414396
            -73.6408351,5.4621798,3031.24419267456
            -73.6408059,5.4626854,3029.59104260286
            -73.6407793,5.4631907,3029.28819642621
            -73.6407286,5.4636381,3029.77248000848
            -73.6404922,5.4638907,3034.45927351332
            -73.6401571,5.4641764,3038.6117039755
            -73.6398208,5.4644144,3040.42195484799
            -73.6395986,5.4647849,3044.54720812845
            -73.6393569,5.4651956,3044.49814618582
            -73.6390662,5.465681,3043.61257735611
            -73.6389393,5.4659819,3043.5486426763
            -73.638996,5.4660487,3043.91946033842
            -73.6389959,5.4660466,3043.31367474681
            -73.6389946,5.466046,3043.25548060841
            -73.6390445,5.4660898,3043.29041348421
            -73.63907,5.4661513,3042.9378473276
            -73.6390692,5.4661524,3043.21571963279
            -73.6390672,5.4661477,3042.52233722518
            -73.6390559,5.4661381,3042.72126097018
            -73.6390536,5.4661061,3042.70239570079
            -73.6389054,5.466028,3042.40310794101
            -73.6387509,5.4662233,3042.4549045563
            -73.6385997,5.4664653,3041.55074932546
            -73.6384166,5.4667842,3039.26350962671
            -73.6382046,5.4671478,3034.39692017959
            -73.6379911,5.4675059,3031.20093325947
            -73.637773,5.4678855,3029.15049898661
            -73.6375421,5.4682791,3025.42109390069
            -73.6373265,5.4686429,3024.15550880719
            -73.6371059,5.4690307,3023.04446597866
            -73.6368705,5.4694207,3020.21771216076
            -73.6366407,5.4697656,3016.96835752803
            -73.6364436,5.4700876,3015.99396861691
            -73.6362592,5.4704251,3015.03982113822
            -73.6360936,5.4707122,3010.96985707596
            -73.635871,5.4710682,3005.99231315976
            -73.6355571,5.4712616,3000.56475020443
            -73.6352412,5.4711743,2996.57512961556
            -73.6348562,5.4710386,2992.25860485988
            -73.6344449,5.4708918,2987.22393125909
            -73.6341822,5.4708433,2985.94771742101
            -73.633999,5.4708759,2986.60623054938
            -73.6337288,5.4710239,2985.4192771563
            -73.6334303,5.4711712,2980.9999936964
            -73.6331492,5.4712929,2977.21440841941
            -73.6328736,5.4714687,2974.06813424477
            -73.6327991,5.4717423,2970.64742844554
            -73.632782,5.4720591,2968.35543703433
            -73.6325816,5.4724052,2963.83722446633
            -73.6323276,5.472728,2959.14121824762
            -73.6319988,5.4731322,2955.06558947299
            -73.6317145,5.4735342,2953.26622114633
            -73.6314778,5.4738631,2953.37065456734
            -73.6311873,5.4742637,2953.25262399757
            -73.6308934,5.4746858,2950.16418231087
            -73.6305769,5.475105,2948.61784507369
            -73.6303035,5.4754622,2947.71077501772
            -73.6300568,5.4758026,2944.15297135854
            -73.629793,5.476132,2941.11837047183
            -73.6294996,5.4765389,2938.25497963482
            -73.6291571,5.4768693,2937.7029580081
            -73.6287747,5.4771747,2934.83984946462
            -73.6284239,5.4774504,2931.44166730418
            -73.6280892,5.4777012,2927.64834445491
            -73.6278842,5.4778898,2923.05637993501
            -73.6278031,5.4783131,2920.421756648
            -73.6277766,5.4787985,2914.39347071802
            -73.6277665,5.4793376,2914.28002729173
            -73.6277394,5.4799018,2915.37922444668
            -73.6276154,5.4804444,2914.33462186567
            -73.6273957,5.4809523,2913.86437067407
            -73.6271902,5.4813777,2912.13434242115
            -73.6269799,5.4818575,2912.00603882933
            -73.6267778,5.4823226,2914.7018875446
            -73.6265683,5.4827655,2915.71391346424
            -73.626391,5.4831464,2915.70860003685
            -73.6262555,5.4835453,2914.28984033146
            -73.626308,5.4840206,2911.83494170254
            -73.6264326,5.4845465,2907.78729519026
            -73.6264944,5.4850089,2905.90375095482
            -73.6264143,5.4854614,2905.07999596412
            -73.6263095,5.4858726,2904.55288884464
            -73.6262491,5.4863642,2903.41899524722
            -73.6262786,5.4868319,2902.66041439219
            -73.6263248,5.487141,2903.62667667919
            -73.6263384,5.4874424,2904.76413548638
            -73.6263602,5.4878891,2905.4685791776
            -73.6262375,5.4883555,2905.92537151192
            -73.6260755,5.4888112,2905.24902937768
            -73.6259185,5.4892432,2904.99067769849
            -73.6257504,5.4896298,2903.12848326775
            -73.6255433,5.48992,2902.77974047971
            -73.6252618,5.4902316,2902.20233165727
            -73.6249617,5.4905787,2901.08283643517
            -73.6247057,5.4908488,2900.26492225861
            -73.624471,5.4911402,2898.47252591282
            -73.6243996,5.491497,2896.57796812081
            -73.6243674,5.4918852,2893.57373442258
            -73.6242852,5.492268,2891.01035852889
            -73.6241617,5.4926311,2887.23514700143
            -73.6239624,5.4929291,2884.45292722809
            -73.6236778,5.4931022,2880.28312544798
            -73.6233783,5.493234,2878.48020848147
            -73.6230849,5.4931778,2875.17207734701
            -73.6228754,5.4928806,2873.0999355651
            -73.6225548,5.4926006,2870.16925478224
            -73.6221479,5.49237,2868.67371440169
            -73.6218855,5.4921276,2867.91478094848
            -73.6218622,5.4917822,2865.39432006922
            -73.6218301,5.4914799,2863.92760110592
            -73.6216044,5.4913594,2861.98589413614
            -73.62155,5.4915847,2859.23368864883
            -73.621631,5.4919664,2854.38773753255
            -73.6214976,5.49226,2848.67361588679
            -73.6213533,5.4925715,2846.75357139708
            -73.621367,5.4929394,2844.07107769817
            -73.6215427,5.4932899,2839.2754697645
            -73.6217354,5.4936472,2834.18531862983
            -73.6218216,5.4940239,2831.35094415671
            -73.6217255,5.4944479,2826.68603467011
            -73.6216366,5.4948411,2823.90775976909
            -73.6215759,5.4952603,2820.02668838861
            -73.6216232,5.4955429,2816.7252752178
            -73.6217188,5.4958117,2814.12508730976
            -73.6216018,5.4960393,2811.06772458091
            -73.621319,5.4962343,2808.26003699465
            -73.6210214,5.4964725,2806.37219068042
            -73.6207581,5.4966912,2800.99049912303
            -73.6205455,5.4967602,2797.34117097401
            -73.6204285,5.4966814,2794.57101061965
            -73.6204843,5.4964501,2793.15037882722
            -73.6205942,5.4962066,2790.61154181861
            -73.6204173,5.4960269,2787.46709675485
            -73.6199977,5.4960067,2784.09293407669
            -73.6196586,5.4960279,2783.21861327674
            -73.6194472,5.4962514,2780.12267550817
            -73.6192802,5.4965927,2775.61128620533
            -73.6193214,5.4968958,2769.88797352217
            -73.6195921,5.4970933,2768.11895142886
            -73.6199005,5.4972811,2764.2185456172
            -73.6201318,5.4975415,2759.95359716373
            -73.6201473,5.4978721,2755.83474840248
            -73.6201657,5.4981902,2752.84028116328
            -73.6201624,5.4985296,2748.81558823058
            -73.6200118,5.498835,2745.42740806136
            -73.6198938,5.4990977,2743.09253722008
            -73.6197985,5.4992969,2741.09314650901
            -73.6196134,5.4993385,2737.79783511991
            -73.6195386,5.4993497,2736.49108081371
            -73.6194621,5.4993235,2735.76186896567
            -73.6193214,5.4992717,2734.33303674673
            -73.6191373,5.4991918,2732.98498558696
            -73.6191039,5.4989198,2731.20505296982
            -73.6189365,5.4986961,2728.78264643017
            -73.6185922,5.4985705,2724.73675069979
            -73.6183155,5.4984738,2721.42027559875
            -73.6181244,5.4986602,2719.49994591057
            -73.618137,5.4988201,2715.58085043732
            -73.618134,5.4988508,2714.54981085534
            -73.618125,5.4988309,2714.65790159039
            -73.6181223,5.498827,2714.65785046639
            -73.6181213,5.4988262,2714.98239161622
            -73.6181219,5.4988273,2715.10469552168
            -73.6181277,5.4988332,2714.57815163521
            -73.6181389,5.4988406,2714.48502354531
            -73.6181445,5.498843,2714.52981482229
            -73.6181512,5.4988429,2714.60519997403
            -73.6181501,5.4988425,2714.76320664238
            -73.6182202,5.4989341,2714.190683446
            -73.6184304,5.4990133,2713.28725829177
            -73.6186521,5.4990959,2711.51603239519
            -73.6187005,5.4993515,2709.29104901878
            -73.6187795,5.4996372,2707.34359340426
            -73.6186728,5.4998835,2704.73167740255
            -73.6184432,5.5000412,2701.5882816482
            -73.6183239,5.5002885,2698.54018750309
            -73.6185289,5.5005074,2697.23588302685
            -73.6188201,5.5006334,2693.97388811873
            -73.6188746,5.5009384,2691.00589090139
            -73.6187852,5.5012206,2689.48056323682
            -73.6189456,5.5015391,2688.85958859811
            -73.6191775,5.5017371,2684.20099330508
            -73.619543,5.5018825,2680.36353655001
            -73.6198882,5.5020881,2675.18335096271
            -73.6202289,5.5023037,2670.65746529835
            -73.6205116,5.5025878,2664.89112350339
            -73.6207451,5.5028853,2661.65738923383
            -73.6210508,5.5031251,2657.38883462815
            -73.6213175,5.5033244,2654.49523042714
            -73.6215782,5.503587,2651.36006251183
            -73.6217451,5.5039786,2646.92076527784
            -73.6218137,5.5043011,2641.27725230871
            -73.6216644,5.5046147,2637.07913702621
            -73.6215002,5.5048985,2634.2283459428
            -73.6214637,5.5051252,2631.9720379041
            -73.6213596,5.5052854,2630.29406543568
            -73.6211844,5.5055035,2625.98836937571
            -73.6210441,5.5056951,2623.33834213661
            -73.62082,5.5058965,2617.90001251371
            -73.6207594,5.5063902,2613.45029459826
            -73.6207213,5.5068417,2609.27477832189
            -73.6205368,5.5069438,2604.00301533451
            -73.6202516,5.5070036,2597.74216965876
            -73.6200634,5.5073589,2593.03803101931
            -73.6197413,5.5076779,2591.3710362704
            -73.619489,5.507931,2591.59695501536
            -73.6193022,5.5083358,2586.13305023558
            -73.6194197,5.5085952,2584.77456825906
            -73.6193483,5.5088591,2580.62294359743
            -73.6194741,5.5092576,2572.81172658633
            -73.6195542,5.5095966,2568.88425615299
            -73.6196288,5.5099394,2563.57345809626
            -73.6195522,5.5102648,2558.19923999747
            -73.6194101,5.5105911,2555.7858430426
            -73.6192496,5.5109145,2554.80499646494
            -73.6189451,5.5111489,2550.53283340533
            -73.6186297,5.5113798,2548.10249832972
            -73.6183984,5.5116783,2545.80144688705
            -73.6180774,5.5118131,2542.7694503546
            -73.6178563,5.5118733,2542.81392860845
            -73.6178051,5.5119176,2543.57769769158
            -73.6178035,5.511917,2544.98768366307
            -73.6178026,5.5119159,2545.11813829556
            -73.6178024,5.5119161,2544.69991202393
            -73.6178021,5.5119165,2545.14368800985
            -73.6177596,5.5120212,2544.76980497912
            -73.6177562,5.512239,2543.21051575904
            -73.6177136,5.5124825,2542.96161862735
            -73.6175623,5.5127566,2538.69372488196
            -73.6174129,5.5130344,2534.89528345781
            -73.6174726,5.5133074,2533.01972745703
            -73.6176857,5.5135323,2529.01834481902
            -73.6178707,5.5137532,2525.7473397196
            -73.6178414,5.5140132,2520.45805515382
            -73.6177132,5.5143561,2517.89883772346
            -73.6176519,5.514742,2516.65172267711
            -73.6175889,5.515096,2512.58739528169
            -73.6177589,5.5153136,2507.26464814125
            -73.6180274,5.5155022,2500.91348972848
            -73.6183165,5.5156443,2492.94907297025
            -73.6185042,5.5157649,2489.39310560794
            -73.6184437,5.5161007,2485.78534096299
            -73.6185136,5.5164015,2483.35591066421
            -73.6187475,5.5165707,2480.24592404304
            -73.6187843,5.5169392,2477.0007514522
            -73.6187705,5.5173602,2474.20733648973
            -73.6187715,5.5177697,2471.74602311146
            -73.6189087,5.5181099,2468.18858381518
            -73.6191608,5.5183844,2464.80917205649
            -73.6194075,5.5186912,2464.20434921627
            -73.6195176,5.5190589,2463.22965754701
            -73.619587,5.5194079,2460.42742705903
            -73.6197194,5.5196668,2458.572491034
            -73.6198984,5.5199327,2455.74447502555
            -73.6202505,5.5201398,2453.70033052305
            -73.6204576,5.5202637,2451.88729397413
            -73.6204245,5.5203679,2451.59514768098
            -73.6202485,5.5204948,2451.77799277054
            -73.6200675,5.5203807,2453.30304946369
            -73.6198228,5.5203156,2454.03836596399
            -73.6195095,5.5203188,2452.55779978157
            -73.619265,5.5205078,2452.4969460072
            -73.6190301,5.5207356,2451.78719843767
            -73.61888,5.5209589,2450.57987054881
            -73.6187174,5.5210769,2450.30897286107
            -73.6186708,5.5213316,2447.21993384913
            -73.6186526,5.5215862,2443.45553766708
            -73.6185664,5.5218647,2441.64755472561
            -73.6186227,5.5221538,2438.05775756698
            -73.6187092,5.5223899,2434.3042021461
            -73.6187387,5.5226265,2430.08268937166
            -73.6187129,5.5229303,2423.9379663351
            -73.6186941,5.5231419,2420.76835327859
            -73.61874,5.5234481,2416.94187616064
            -73.6189272,5.5236834,2413.99488555406
            -73.6190771,5.5239457,2411.77209867718
            -73.6192334,5.5241821,2410.39280319931
            -73.6192097,5.5244598,2408.4673659628
            -73.6189801,5.5245964,2403.77401679578
            -73.6187601,5.5245255,2402.02857667806
            -73.6185204,5.5245441,2397.10787258263
            -73.6183515,5.524725,2392.80141777047
            -73.6182826,5.5248717,2390.84114038265
            -73.6182811,5.5248782,2390.2574817136
            -73.6182809,5.5248765,2390.16859829441
            -73.618281,5.5248762,2390.08910560372
            -73.6182831,5.5248664,2390.16878820185
            -73.6182814,5.5248648,2390.68002834847
            -73.6182745,5.5248611,2390.31861735101
            -73.618276,5.524866,2390.5349077143
            -73.6182763,5.5248648,2390.77607552817
            -73.6182832,5.5248634,2390.51581764743
            -73.6182805,5.5248627,2390.54089719365
            -73.6182773,5.5248438,2390.22687026156
            -73.6183163,5.5247794,2390.20906268205
            -73.6183498,5.5247112,2391.2294752573
            -73.6182573,5.5247123,2391.33414073495
            -73.6182469,5.5247118,2391.34508507946
            -73.6181611,5.524667,2391.05894338242
            -73.618036,5.5245336,2389.37336697578
            -73.617875,5.5243443,2388.42797431919
            -73.617665,5.524239,2385.75659515987
            -73.6174968,5.5240998,2383.4056346238
            -73.6173091,5.5239163,2380.54731783019
            -73.6170627,5.5237316,2376.14348932604
            -73.616732,5.5236198,2373.14425862102
            -73.6163868,5.5236691,2372.48365969541
            -73.6161975,5.5237154,2372.75797316495
            -73.6162029,5.5237315,2375.7239095561
            -73.6162482,5.5237095,2375.68831116437
            -73.6162574,5.5236999,2375.46104779637
            -73.6162569,5.5236987,2375.58524713956
            -73.6162971,5.5236876,2375.09139660382
            -73.6165897,5.52361,2373.62722303515
            -73.6168875,5.5236664,2372.35342263002
            -73.617226,5.5238349,2373.57474695207
            -73.6174977,5.5240996,2375.8139956255
            -73.617795,5.5242932,2381.15799214197
            -73.6180399,5.5245408,2386.16048429454
            -73.6182779,5.5247012,2390.01409099838
            -73.6184445,5.524629,2392.16263042246
            -73.6186693,5.5245026,2393.12473145335
            -73.6189339,5.5245944,2396.68045534134
            -73.6191933,5.5244915,2401.7266845297
            -73.6192322,5.5241769,2403.88939571751
            -73.6190699,5.5238864,2408.71605672789
            -73.6188706,5.5236338,2410.53015540524
            -73.6187185,5.5233261,2412.75822428496
            -73.6187078,5.5230556,2414.84267018921
            -73.6187418,5.5227451,2420.76574410917
            -73.6187392,5.5224755,2423.45299540433
            -73.6186658,5.522212,2428.4640416338
            -73.6185629,5.5219022,2433.52512874593
            -73.6186326,5.5216057,2438.22106607097
            -73.6186568,5.5212489,2442.1582706041
            -73.6188129,5.5210042,2445.54145848698
            -73.6190285,5.5207307,2449.83461019512
            -73.6192679,5.5204897,2450.76470589553
            -73.6195232,5.5203163,2452.10344116795
            -73.6197975,5.5203067,2453.23310564648
            -73.6201168,5.5204176,2454.07769502592
            -73.6202745,5.5205064,2454.51365979588
            -73.6202961,5.5204779,2453.90153142939
            -73.6205053,5.5202794,2451.1923149739
            -73.6204794,5.5203053,2451.21701527111
            -73.6204763,5.5203056,2451.62682038423
            -73.6204763,5.5203053,2451.50533544163
            -73.6205804,5.520301,2450.87376432263
            -73.6208633,5.5203962,2450.44890806892
            -73.621092,5.5205531,2450.15845064706
            -73.6213435,5.5207524,2448.93818271348
            -73.6215935,5.5210101,2446.36865835747
            -73.6218289,5.5212366,2443.75726016357
            -73.6220941,5.5214734,2441.40731337575
            -73.6224128,5.5217658,2440.78787421553
            -73.6227445,5.5220625,2443.07307349018
            -73.6230715,5.5223594,2444.11650096965
            -73.6233374,5.5226023,2445.45884552707
            -73.623665,5.5228268,2446.61962856434
            -73.6240334,5.5229816,2448.55526142179
            -73.6243168,5.5230868,2451.02008776462
            -73.6246374,5.5232096,2452.91461968167
            -73.624883,5.5233298,2454.69885241162
            -73.6250607,5.5234792,2454.61529195836
            -73.6251936,5.5237119,2453.251953125
            -73.6251848,5.5239779,2452.22057080838
            -73.6251168,5.5243053,2449.37191843569
            -73.6250933,5.5246172,2446.7549456234
            -73.6251108,5.5249144,2444.95044513005
            -73.6251444,5.5252091,2442.37589497252
            -73.6252229,5.5255109,2439.80244970797
            -73.6251632,5.5258066,2437.4763482343
            -73.6249007,5.5260133,2435.85894594051
            -73.624697,5.5262931,2432.05598041161
            -73.6246697,5.5266031,2430.62422730805
            -73.6246975,5.5268869,2429.42559050466
            -73.6247092,5.5272192,2426.5516532615
            -73.6247292,5.5275206,2424.79249527226
            -73.6246386,5.5278144,2422.04975118159
            -73.6245491,5.5280317,2419.71282643597
            -73.6243591,5.5281825,2417.23355145397
            -73.6241038,5.5283666,2413.74502721015
            -73.6239262,5.5286371,2410.45499604632
            -73.6237754,5.5289176,2408.15286548877
            -73.6235655,5.5292121,2406.3564624717
            -73.6233772,5.5294809,2403.59251308508
            -73.6231942,5.5297493,2401.08149333496
            -73.6230118,5.5299993,2399.04643532758
            -73.6228525,5.5303331,2395.07771719416
            -73.6226958,5.5307131,2393.67498390015
            -73.6224949,5.5311346,2392.15993012975
            -73.6223597,5.5315001,2391.02007768884
            -73.6221986,5.5318205,2391.23911964152
            -73.6220871,5.5320416,2392.19096472405
            -73.6219739,5.532299,2393.51683298597
            -73.6217164,5.5325407,2392.96135080802
            -73.6214597,5.5327026,2390.50654158446
            -73.6212532,5.532933,2387.7121141864
            -73.6210869,5.5331825,2385.40282657274
            -73.6208993,5.5334337,2384.05062376313
            -73.6209594,5.5337103,2381.04385589494
            -73.621137,5.5339625,2378.7190216063
            -73.6210962,5.5342319,2375.5356377252
            -73.6208246,5.5344375,2371.55886605361
            -73.6205306,5.5347034,2368.80512713214
            -73.6203415,5.5349745,2365.93274965659
            -73.6201786,5.535352,2362.39186096809
            -73.620147,5.5356976,2361.41662423426
            -73.6202195,5.535939,2360.88949808852
            -73.6202273,5.5359492,2361.7978344116
            -73.6202262,5.5359484,2361.64511626439
            -73.6202276,5.5359481,2361.9429921785
            -73.6202281,5.5359488,2361.76390857822
            -73.6202273,5.5359488,2361.72797265835
            -73.6202269,5.5359509,2361.60705850839
            -73.6202809,5.5360571,2361.93153154722
            -73.6203494,5.5363674,2362.00101432632
            -73.6202815,5.5367291,2363.41795560035
            -73.6202407,5.5371048,2363.06496489528
            -73.6202764,5.5374162,2362.67073397755
            -73.6203508,5.5377504,2362.46978086689
            -73.6202324,5.5381017,2361.22084746688
            -73.6200396,5.5384296,2359.66195498395
            -73.6200818,5.5388293,2357.61552963323
            -73.6201744,5.5391401,2354.52849763461
            -73.6201045,5.5394019,2353.84629084796
            -73.6198548,5.5396221,2354.0108015703
            -73.6196694,5.5398071,2351.92804238171
            -73.6195642,5.5401714,2351.43304175806
            -73.6194981,5.5405906,2349.7647929413
            -73.6194879,5.5410067,2347.05584082517
            -73.6194574,5.5414562,2345.309844524
            -73.6194554,5.5418677,2343.3605199938
            -73.619716,5.5422038,2343.38875483181
            -73.6200865,5.542465,2344.49369937673
            -73.6202934,5.5428693,2345.17491352854
            -73.6204859,5.5432913,2343.71856311187
            -73.6206257,5.5436384,2341.37375892362
            -73.6207932,5.5438347,2340.73517522891
            -73.6208122,5.5438603,2339.66788063387
            -73.6208209,5.543868,2339.66510626823
            -73.6208378,5.5439376,2339.59313916256
            -73.6210188,5.5441307,2339.18342226436
            -73.6212019,5.5444062,2338.39121124368
            -73.62143,5.5447882,2337.52476498508
            -73.6216235,5.5452137,2333.4505599202
            -73.6219109,5.5452442,2331.25760079829
            -73.6219169,5.5448346,2325.87510962829
            -73.6219709,5.5443513,2323.00889976479
            -73.6221955,5.5439025,2321.14034944109
            -73.6224292,5.5436251,2317.86556062452
            -73.6223799,5.543324,2315.14090979707
            -73.6221921,5.5430087,2312.07867276997
            -73.6220972,5.5426956,2310.16576474076
            -73.6220717,5.5423345,2309.37051818717
            -73.6220261,5.5419363,2304.80899120125
            -73.622132,5.5415274,2301.48571098177
            -73.6222339,5.5410734,2296.78842699632
            -73.6223153,5.5407612,2295.91247176057
            -73.6224766,5.5403551,2293.86464109725
            -73.6228914,5.5400897,2289.14728448314
            -73.623259,5.5398623,2286.80011010665
            -73.6234031,5.5393547,2281.82991797303
            -73.6234668,5.5388378,2278.14729409628
            -73.6234359,5.5385525,2274.39148660649
            -73.6236683,5.5384179,2273.73120117188
            -73.6238824,5.5385303,2271.73284611218
            -73.6239847,5.5386389,2269.96004168788
            -73.6241562,5.5387829,2269.44425011214
            -73.6244135,5.5388498,2266.26922152233
            -73.6246503,5.5387896,2263.58432633567
            -73.6248578,5.5388619,2262.93428760022
            -73.6251419,5.5390179,2261.0124941541
            -73.6253517,5.5392326,2257.61176931277
            -73.6255889,5.5394179,2255.47941234576
            -73.6259686,5.5394658,2253.92641550272
            -73.6263812,5.5395137,2249.51471301461
            -73.6266995,5.5395326,2244.72886586355
            -73.6269684,5.5394712,2241.81564770073
            -73.6273237,5.5394082,2240.02923290454
            -73.6276768,5.5394929,2236.95642416143
            -73.6279945,5.5395931,2233.44191795217
            -73.6282431,5.5397325,2231.51180920145
            -73.6283557,5.5398534,2229.62180425672
            -73.6283524,5.5398514,2229.09893043651
            -73.6283513,5.5398509,2228.25866088092
            -73.6283697,5.5398693,2228.15354525554
            -73.6283729,5.5398714,2228.24137310486
            -73.6283738,5.5398711,2228.43078103327
            -73.6283925,5.5398865,2229.7001953125
            -73.6285834,5.5400392,2229.7001953125
            -73.6288163,5.5402308,2225.2001953125
            -73.6290499,5.5403861,2225.2001953125
            -73.6293506,5.5404264,2221.48440470589
            -73.6297132,5.5404565,2218.37922063601
            -73.6300643,5.5405265,2214.58706530156
            -73.6303926,5.5406248,2212.15772174532
            -73.630782,5.5406267,2210.65833398704
            -73.6311498,5.5404978,2206.96788103355
            -73.6312882,5.5403828,2204.10384109272
            -73.6313261,5.5404561,2203.58941603247
            -73.6312352,5.5406579,2201.82042108815
            -73.6310702,5.5409641,2197.2718668753
            -73.6308812,5.541209,2192.22104611331
            -73.6309903,5.5414462,2189.42835944746
            -73.6312971,5.541561,2185.76299521687
            -73.6316771,5.541619,2181.58132731452
            -73.6320463,5.5416225,2177.74025118896
            -73.6323809,5.5416157,2173.30166582531
            -73.6326161,5.5416065,2168.46265485507
            -73.6326815,5.5415961,2167.19370589567
            -73.6326852,5.541596,2167.90014648438
            -73.6326884,5.5415982,2167.90014648438
            -73.6326918,5.5415989,2167.90014648438
            -73.6326945,5.5416005,2167.90014648438
          </coordinates>
        </LineString>
      </Placemark>
      <Placemark>
        <name>Lenguazaque</name>
        <styleUrl>#icon-1899-7CB342-nodesc</styleUrl>
        <Point>
          <coordinates>
            -73.7121453,5.3060578,0
          </coordinates>
        </Point>
      </Placemark>
    </Folder>
    <Folder>
      <name>Villa_de_Leyva_-Raquira_(Desierto).gpx</name>
      <Placemark>
        <name>Start of Track 1</name>
        <description><![CDATA[Tuesday, June 9, 2026, 3:26 PM GMT-05:00<br>Elevation: 7631 feet]]></description>
        <styleUrl>#icon-61</styleUrl>
        <Point>
          <coordinates>
            -73.517133,5.694394,2326.055496
          </coordinates>
        </Point>
      </Placemark>
      <Placemark>
        <name>End of Track 1</name>
        <description><![CDATA[Tuesday, June 9, 2026, 6:10 PM GMT-05:00<br>Elevation: 7139 feet]]></description>
        <styleUrl>#icon-123</styleUrl>
        <Point>
          <coordinates>
            -73.6331248,5.537405,2176.10009765625
          </coordinates>
        </Point>
      </Placemark>
      <Placemark>
        <name>Track 1</name>
        <description><![CDATA[Statistics computed from imported data<br><br>Tuesday, June 9, 2026, 3:26 PM GMT-05:00<br>Distance: 18.0 miles<br>Duration: 2 hours, 43 minutes, and 5 seconds<br>Average Speed: 6.6 mph<br>Minimum Elevation: 6875 feet<br>Maximum Elevation: 8375 feet<br>Total climb: 1974 feet<br>Total descent: 2467 feet]]></description>
        <styleUrl>#line-E65100-5000</styleUrl>
        <LineString>
          <tessellate>1</tessellate>
          <coordinates>
            -73.517133,5.694394,0
            -73.517131,5.694395,0
            -73.517071,5.694407,0
            -73.517,5.694364,0
            -73.516998,5.694222,0
            -73.516997,5.694062,0
            -73.517001,5.693886,0
            -73.517012,5.693703,0
            -73.517013,5.693564,0
            -73.517018,5.693501,0
            -73.517015,5.693501,0
            -73.517014,5.6935,0
            -73.517015,5.6935,0
            -73.517015,5.693492,0
            -73.517013,5.693491,0
            -73.517018,5.693405,0
            -73.517011,5.693371,0
            -73.517009,5.693371,0
            -73.51707,5.693335,0
            -73.517277,5.693364,0
            -73.51755,5.69341,0
            -73.517839,5.693459,0
            -73.518128,5.6935,0
            -73.518483,5.693545,0
            -73.518869,5.693593,0
            -73.519275,5.693643,0
            -73.519628,5.693688,0
            -73.519965,5.693731,0
            -73.520207,5.69374,0
            -73.520168,5.693591,0
            -73.519952,5.69334,0
            -73.519712,5.693047,0
            -73.519521,5.692766,0
            -73.519317,5.69243,0
            -73.519139,5.692095,0
            -73.518957,5.691726,0
            -73.518784,5.691344,0
            -73.51862,5.690956,0
            -73.518481,5.690564,0
            -73.518526,5.690157,0
            -73.518569,5.689709,0
            -73.51858,5.68924,0
            -73.518613,5.688769,0
            -73.518734,5.688303,0
            -73.518856,5.687908,0
            -73.518988,5.687472,0
            -73.519046,5.687014,0
            -73.519258,5.686615,0
            -73.519395,5.686155,0
            -73.51951,5.685718,0
            -73.519719,5.685424,0
            -73.520047,5.685195,0
            -73.52039,5.684965,0
            -73.520769,5.684734,0
            -73.521127,5.684501,0
            -73.52143,5.684299,0
            -73.521795,5.684081,0
            -73.522193,5.683845,0
            -73.522591,5.68362,0
            -73.522879,5.683462,0
            -73.522988,5.683385,0
            -73.523128,5.683525,0
            -73.523401,5.683747,0
            -73.523681,5.683978,0
            -73.523816,5.684374,0
            -73.523993,5.68477,0
            -73.524146,5.68518,0
            -73.52424,5.685588,0
            -73.524345,5.685991,0
            -73.524475,5.686312,0
            -73.524641,5.686298,0
            -73.524848,5.686184,0
            -73.525153,5.6861,0
            -73.525414,5.686014,0
            -73.525709,5.685894,0
            -73.526042,5.685743,0
            -73.526349,5.68563,0
            -73.526573,5.685532,0
            -73.526943,5.685373,0
            -73.527307,5.68523,0
            -73.527714,5.685079,0
            -73.528153,5.68501,0
            -73.528555,5.684908,0
            -73.52895,5.684744,0
            -73.529279,5.684542,0
            -73.529567,5.684299,0
            -73.529875,5.684095,0
            -73.5302,5.683906,0
            -73.530619,5.683652,0
            -73.531019,5.683354,0
            -73.531412,5.683027,0
            -73.531765,5.682738,0
            -73.531998,5.682324,0
            -73.532306,5.681976,0
            -73.532569,5.681751,0
            -73.5329,5.681442,0
            -73.533217,5.681156,0
            -73.533578,5.680913,0
            -73.533994,5.6807,0
            -73.534265,5.680485,0
            -73.534288,5.680278,0
            -73.534448,5.680206,0
            -73.53474,5.680303,0
            -73.535021,5.680357,0
            -73.535149,5.680214,0
            -73.53497,5.68007,0
            -73.535063,5.67991,0
            -73.535353,5.679968,0
            -73.535696,5.679963,0
            -73.536128,5.679849,0
            -73.536385,5.679715,0
            -73.536144,5.679549,0
            -73.535914,5.679337,0
            -73.535994,5.679022,0
            -73.535971,5.678635,0
            -73.535834,5.678295,0
            -73.535722,5.678044,0
            -73.53558,5.677801,0
            -73.535502,5.677494,0
            -73.535457,5.677262,0
            -73.535455,5.677256,0
            -73.535461,5.677262,0
            -73.53546,5.677264,0
            -73.535461,5.677265,0
            -73.535462,5.677266,0
            -73.535416,5.677207,0
            -73.535341,5.67694,0
            -73.535335,5.676692,0
            -73.535329,5.676603,0
            -73.535291,5.676499,0
            -73.535265,5.676173,0
            -73.535294,5.675727,0
            -73.535314,5.675332,0
            -73.535346,5.67483,0
            -73.535412,5.674345,0
            -73.535639,5.673887,0
            -73.535933,5.673457,0
            -73.536235,5.673068,0
            -73.536303,5.672663,0
            -73.536347,5.672132,0
            -73.536503,5.67161,0
            -73.536696,5.671094,0
            -73.536797,5.670567,0
            -73.536752,5.670012,0
            -73.536862,5.669466,0
            -73.536962,5.668912,0
            -73.536954,5.668368,0
            -73.536877,5.667817,0
            -73.536776,5.667301,0
            -73.536571,5.666862,0
            -73.536646,5.666522,0
            -73.536988,5.666496,0
            -73.537392,5.666392,0
            -73.537532,5.666051,0
            -73.537399,5.665633,0
            -73.537429,5.665221,0
            -73.537839,5.665023,0
            -73.538288,5.66483,0
            -73.538458,5.664524,0
            -73.53854,5.66404,0
            -73.538603,5.663515,0
            -73.538692,5.663061,0
            -73.538781,5.662491,0
            -73.538853,5.661956,0
            -73.538926,5.661513,0
            -73.538975,5.661173,0
            -73.539104,5.661044,0
            -73.539363,5.660988,0
            -73.539702,5.660924,0
            -73.540072,5.660859,0
            -73.540462,5.660775,0
            -73.54082,5.660661,0
            -73.541201,5.660486,0
            -73.541653,5.660438,0
            -73.542136,5.660429,0
            -73.542561,5.660353,0
            -73.542901,5.660104,0
            -73.543271,5.659959,0
            -73.543413,5.659708,0
            -73.543641,5.659452,0
            -73.544039,5.659276,0
            -73.544441,5.6591,0
            -73.544815,5.658935,0
            -73.545152,5.658818,0
            -73.545385,5.658755,0
            -73.545764,5.658646,0
            -73.546161,5.658507,0
            -73.546552,5.658383,0
            -73.546819,5.658118,0
            -73.547085,5.657808,0
            -73.547383,5.657677,0
            -73.54772,5.657557,0
            -73.548037,5.657502,0
            -73.548276,5.657523,0
            -73.548416,5.657425,0
            -73.548623,5.657572,0
            -73.548757,5.657429,0
            -73.548892,5.657177,0
            -73.549112,5.657,0
            -73.549339,5.656776,0
            -73.549582,5.656507,0
            -73.549849,5.656215,0
            -73.55011,5.655912,0
            -73.55039,5.655615,0
            -73.550708,5.655323,0
            -73.551064,5.655044,0
            -73.551428,5.654749,0
            -73.551731,5.654505,0
            -73.551985,5.654232,0
            -73.552213,5.653932,0
            -73.552372,5.653605,0
            -73.552532,5.653312,0
            -73.552757,5.653072,0
            -73.552859,5.652728,0
            -73.552935,5.652476,0
            -73.552938,5.652358,0
            -73.553033,5.652219,0
            -73.553118,5.65206,0
            -73.553165,5.651921,0
            -73.553209,5.651762,0
            -73.553252,5.651607,0
            -73.553321,5.65148,0
            -73.55337,5.651373,0
            -73.553423,5.651268,0
            -73.553442,5.651128,0
            -73.553417,5.651,0
            -73.553394,5.650873,0
            -73.553359,5.650774,0
            -73.553391,5.650621,0
            -73.55342,5.650436,0
            -73.553438,5.650238,0
            -73.553451,5.650064,0
            -73.553474,5.649866,0
            -73.553545,5.649582,0
            -73.553612,5.649264,0
            -73.553643,5.648985,0
            -73.553714,5.648588,0
            -73.553808,5.648232,0
            -73.553705,5.647835,0
            -73.553636,5.647401,0
            -73.553611,5.646969,0
            -73.553652,5.646523,0
            -73.553684,5.646112,0
            -73.553899,5.645918,0
            -73.554148,5.645656,0
            -73.554139,5.645442,0
            -73.553996,5.645154,0
            -73.553719,5.644868,0
            -73.553386,5.644573,0
            -73.553037,5.644223,0
            -73.552784,5.643768,0
            -73.5526,5.643375,0
            -73.552681,5.643259,0
            -73.552996,5.643126,0
            -73.553413,5.64316,0
            -73.553857,5.643159,0
            -73.55432,5.643111,0
            -73.554769,5.64311,0
            -73.555211,5.643115,0
            -73.555592,5.642994,0
            -73.55603,5.642731,0
            -73.556444,5.642527,0
            -73.556801,5.642356,0
            -73.557151,5.642325,0
            -73.557585,5.642146,0
            -73.558024,5.641886,0
            -73.558504,5.64167,0
            -73.558873,5.641522,0
            -73.559309,5.641364,0
            -73.559674,5.641371,0
            -73.560064,5.641571,0
            -73.560525,5.641778,0
            -73.560992,5.641977,0
            -73.561411,5.642134,0
            -73.561816,5.642256,0
            -73.562236,5.642329,0
            -73.562613,5.642365,0
            -73.563026,5.642213,0
            -73.563473,5.642168,0
            -73.563965,5.642303,0
            -73.564409,5.64245,0
            -73.564614,5.642503,0
            -73.564638,5.642498,0
            -73.564615,5.642496,0
            -73.564498,5.642458,0
            -73.564171,5.642367,0
            -73.563818,5.642232,0
            -73.563682,5.642195,0
            -73.563616,5.642182,0
            -73.563615,5.642179,0
            -73.563615,5.642178,0
            -73.563544,5.642168,0
            -73.56352,5.642166,0
            -73.563519,5.642166,0
            -73.56352,5.642165,0
            -73.563507,5.642168,0
            -73.563521,5.642174,0
            -73.563623,5.642201,0
            -73.563899,5.642279,0
            -73.564241,5.642396,0
            -73.564634,5.642504,0
            -73.565036,5.642627,0
            -73.565447,5.642612,0
            -73.565926,5.642465,0
            -73.566371,5.642373,0
            -73.566629,5.642309,0
            -73.566579,5.642196,0
            -73.566275,5.641983,0
            -73.565862,5.641691,0
            -73.56537,5.641384,0
            -73.564784,5.641106,0
            -73.564403,5.640945,0
            -73.564455,5.640727,0
            -73.564616,5.640312,0
            -73.564789,5.639981,0
            -73.56476,5.639654,0
            -73.564903,5.639251,0
            -73.565183,5.638812,0
            -73.565363,5.638391,0
            -73.565633,5.638498,0
            -73.56603,5.638555,0
            -73.566492,5.638552,0
            -73.566957,5.638553,0
            -73.567411,5.638457,0
            -73.567907,5.638435,0
            -73.568353,5.63836,0
            -73.568817,5.638227,0
            -73.569212,5.63825,0
            -73.569614,5.638125,0
            -73.570073,5.637935,0
            -73.570507,5.637885,0
            -73.570784,5.637833,0
            -73.570949,5.63753,0
            -73.571183,5.637115,0
            -73.571426,5.636672,0
            -73.571737,5.636368,0
            -73.57211,5.636063,0
            -73.572559,5.635833,0
            -73.572859,5.635595,0
            -73.57316,5.63522,0
            -73.573381,5.634754,0
            -73.573698,5.634363,0
            -73.574116,5.634036,0
            -73.574527,5.633699,0
            -73.574907,5.63331,0
            -73.575228,5.632879,0
            -73.575416,5.632583,0
            -73.575491,5.632403,0
            -73.575607,5.63223,0
            -73.575882,5.631955,0
            -73.57624,5.631602,0
            -73.576479,5.631411,0
            -73.576633,5.631424,0
            -73.576628,5.631426,0
            -73.576632,5.631427,0
            -73.576631,5.631427,0
            -73.576632,5.631427,0
            -73.576634,5.631424,0
            -73.576554,5.631387,0
            -73.576277,5.631392,0
            -73.575994,5.63138,0
            -73.575636,5.631414,0
            -73.57515,5.631503,0
            -73.574722,5.6316,0
            -73.574209,5.631722,0
            -73.573686,5.631782,0
            -73.57325,5.631803,0
            -73.572695,5.63184,0
            -73.57218,5.631862,0
            -73.571637,5.631851,0
            -73.571088,5.631738,0
            -73.570662,5.631522,0
            -73.570244,5.63112,0
            -73.569967,5.630695,0
            -73.569694,5.630231,0
            -73.569402,5.629723,0
            -73.56906,5.629212,0
            -73.56856,5.628917,0
            -73.568015,5.628699,0
            -73.567612,5.628541,0
            -73.567162,5.628372,0
            -73.566799,5.628213,0
            -73.56651,5.627976,0
            -73.566289,5.627768,0
            -73.566182,5.627683,0
            -73.566181,5.627689,0
            -73.566184,5.627693,0
            -73.566161,5.62766,0
            -73.566272,5.627582,0
            -73.566612,5.627613,0
            -73.566973,5.627562,0
            -73.567209,5.62722,0
            -73.567311,5.626778,0
            -73.567462,5.626363,0
            -73.567692,5.625845,0
            -73.56791,5.625308,0
            -73.568401,5.625019,0
            -73.568957,5.624821,0
            -73.569513,5.624612,0
            -73.569973,5.624321,0
            -73.570195,5.623906,0
            -73.570331,5.623781,0
            -73.570282,5.623713,0
            -73.570272,5.623696,0
            -73.570272,5.623697,0
            -73.570269,5.623681,0
            -73.570371,5.62376,0
            -73.570588,5.624068,0
            -73.570922,5.624333,0
            -73.571467,5.624594,0
            -73.572131,5.624694,0
            -73.57271,5.624638,0
            -73.572872,5.624599,0
            -73.572879,5.6246,0
            -73.57289,5.624506,0
            -73.572824,5.624272,0
            -73.572698,5.623854,0
            -73.572583,5.623431,0
            -73.572468,5.623009,0
            -73.572256,5.62269,0
            -73.57197,5.622439,0
            -73.571723,5.622234,0
            -73.571599,5.621883,0
            -73.571706,5.621668,0
            -73.572009,5.621613,0
            -73.572272,5.621397,0
            -73.572478,5.621054,0
            -73.572632,5.620708,0
            -73.572693,5.620524,0
            -73.572705,5.620501,0
            -73.572707,5.620433,0
            -73.572708,5.620269,0
            -73.572746,5.620112,0
            -73.572759,5.620063,0
            -73.572759,5.620061,0
            -73.572761,5.620061,0
            -73.572761,5.62006,0
            -73.57276,5.62006,0
            -73.57276,5.620059,0
            -73.572762,5.62006,0
            -73.572762,5.620063,0
            -73.572762,5.620062,0
            -73.572762,5.620063,0
            -73.572763,5.62005,0
            -73.572764,5.620027,0
            -73.572769,5.620026,0
            -73.572769,5.620014,0
            -73.57277,5.619856,0
            -73.572798,5.619634,0
            -73.572844,5.619345,0
            -73.572955,5.619034,0
            -73.573114,5.618765,0
            -73.573157,5.618482,0
            -73.573245,5.618162,0
            -73.573252,5.617818,0
            -73.573207,5.61751,0
            -73.573283,5.617216,0
            -73.5733,5.616875,0
            -73.573301,5.616717,0
            -73.573298,5.616709,0
            -73.5733,5.616721,0
            -73.573318,5.616787,0
            -73.5733,5.617117,0
            -73.573191,5.61744,0
            -73.573213,5.617482,0
            -73.573223,5.617453,0
            -73.57322,5.617446,0
            -73.573221,5.617445,0
            -73.573221,5.617444,0
            -73.573219,5.617441,0
            -73.573219,5.617442,0
            -73.57322,5.617443,0
            -73.573221,5.617444,0
            -73.573221,5.617443,0
            -73.573244,5.617358,0
            -73.573301,5.617098,0
            -73.573295,5.616744,0
            -73.573347,5.616279,0
            -73.57347,5.615861,0
            -73.573735,5.615554,0
            -73.574061,5.615232,0
            -73.57445,5.614957,0
            -73.574728,5.614706,0
            -73.574612,5.61437,0
            -73.574397,5.614032,0
            -73.574183,5.613745,0
            -73.573874,5.613543,0
            -73.573788,5.613161,0
            -73.573588,5.612848,0
            -73.573652,5.612532,0
            -73.573555,5.612209,0
            -73.573509,5.611843,0
            -73.573381,5.611478,0
            -73.573064,5.611198,0
            -73.57285,5.610889,0
            -73.572706,5.610544,0
            -73.572693,5.610291,0
            -73.572816,5.609859,0
            -73.573087,5.609469,0
            -73.573265,5.609084,0
            -73.573408,5.608665,0
            -73.573667,5.6083,0
            -73.574063,5.607959,0
            -73.574552,5.607706,0
            -73.574989,5.607503,0
            -73.575224,5.607197,0
            -73.57544,5.606879,0
            -73.575653,5.606481,0
            -73.575779,5.606021,0
            -73.575962,5.60573,0
            -73.576253,5.605525,0
            -73.576286,5.605205,0
            -73.576274,5.604873,0
            -73.576078,5.604633,0
            -73.575758,5.60447,0
            -73.5755,5.604235,0
            -73.575447,5.603956,0
            -73.575566,5.603691,0
            -73.575668,5.60335,0
            -73.575681,5.602969,0
            -73.575584,5.602615,0
            -73.575712,5.602478,0
            -73.575857,5.602666,0
            -73.576038,5.602947,0
            -73.576291,5.603129,0
            -73.576495,5.602945,0
            -73.576677,5.602635,0
            -73.5768,5.602389,0
            -73.576707,5.602144,0
            -73.576658,5.601881,0
            -73.576693,5.601582,0
            -73.576764,5.601258,0
            -73.576766,5.600976,0
            -73.576797,5.600631,0
            -73.576824,5.60026,0
            -73.576981,5.599927,0
            -73.577151,5.599683,0
            -73.57739,5.599435,0
            -73.577674,5.599239,0
            -73.577938,5.599019,0
            -73.578185,5.598777,0
            -73.578487,5.598545,0
            -73.578655,5.598238,0
            -73.578768,5.597868,0
            -73.57882,5.597482,0
            -73.579008,5.597089,0
            -73.579145,5.596804,0
            -73.579374,5.596736,0
            -73.579463,5.596786,0
            -73.579458,5.596786,0
            -73.579459,5.596786,0
            -73.579459,5.596787,0
            -73.57946,5.596787,0
            -73.579461,5.596787,0
            -73.579461,5.596788,0
            -73.579462,5.596788,0
            -73.579463,5.596788,0
            -73.579463,5.596789,0
            -73.579464,5.596789,0
            -73.579464,5.59679,0
            -73.579464,5.596789,0
            -73.579463,5.59679,0
            -73.579463,5.596789,0
            -73.579463,5.596788,0
            -73.579463,5.596787,0
            -73.579464,5.596786,0
            -73.579466,5.596787,0
            -73.579467,5.596786,0
            -73.579469,5.596787,0
            -73.579472,5.596785,0
            -73.579473,5.596784,0
            -73.579474,5.596784,0
            -73.579475,5.596784,0
            -73.579475,5.596782,0
            -73.579475,5.59678,0
            -73.579475,5.596779,0
            -73.579478,5.596776,0
            -73.579481,5.596775,0
            -73.579483,5.596773,0
            -73.579484,5.596772,0
            -73.579484,5.59677,0
            -73.579486,5.596772,0
            -73.579486,5.596773,0
            -73.579487,5.596773,0
            -73.579489,5.596774,0
            -73.579489,5.596775,0
            -73.579487,5.596779,0
            -73.57948,5.596784,0
            -73.579478,5.596787,0
            -73.579477,5.596788,0
            -73.579477,5.596789,0
            -73.579476,5.59679,0
            -73.579473,5.596788,0
            -73.579475,5.59679,0
            -73.579474,5.596786,0
            -73.579482,5.596777,0
            -73.579482,5.596776,0
            -73.57948,5.596781,0
            -73.579474,5.596784,0
            -73.579472,5.596775,0
            -73.579473,5.596775,0
            -73.579472,5.596774,0
            -73.579474,5.596777,0
            -73.579474,5.596785,0
            -73.579472,5.596786,0
            -73.579471,5.596786,0
            -73.579541,5.596731,0
            -73.579706,5.596536,0
            -73.579811,5.596269,0
            -73.579886,5.595921,0
            -73.579919,5.595557,0
            -73.579941,5.595197,0
            -73.579978,5.594831,0
            -73.579977,5.594477,0
            -73.579966,5.594125,0
            -73.580009,5.593824,0
            -73.579892,5.59353,0
            -73.579871,5.593218,0
            -73.579978,5.5929,0
            -73.580119,5.592681,0
            -73.580194,5.592478,0
            -73.5803,5.592216,0
            -73.580392,5.591904,0
            -73.580379,5.591573,0
            -73.580364,5.591211,0
            -73.580305,5.590799,0
            -73.580304,5.590479,0
            -73.580412,5.590147,0
            -73.580588,5.589856,0
            -73.580747,5.589597,0
            -73.5807054,5.58949,0
            -73.5805104,5.5892752,0
            -73.5803097,5.5891188,0
            -73.5800544,5.5890077,0
            -73.579672,5.5887268,0
            -73.5793803,5.588476,0
            -73.5793014,5.5883627,0
            -73.579244,5.5880678,0
            -73.5787893,5.5877978,0
            -73.5784691,5.5875615,0
            -73.5787216,5.5872578,0
            -73.5790084,5.587016,0
            -73.5793162,5.5863134,0
            -73.5795347,5.5854639,0
            -73.5797024,5.5850054,0
            -73.5798547,5.5838075,0
            -73.5802623,5.5833347,0
            -73.5805098,5.5826319,0
            -73.580685,5.5818681,0
            -73.580674,5.5812985,0
            -73.5812553,5.5804636,0
            -73.5817498,5.5802724,0
            -73.5821146,5.5799744,0
            -73.5826081,5.5797142,0
            -73.5826406,5.5791186,0
            -73.5831137,5.5784138,0
            -73.582707,5.5784565,0
            -73.5839515,5.5762131,0
            -73.5832816,5.5755997,0
            -73.5824102,5.5751862,0
            -73.5814166,5.5719468,0
            -73.5827404,5.5686221,0
            -73.584066,5.5667273,0
            -73.5848576,5.5656091,0
            -73.5851842,5.5638239,0
            -73.5867554,5.5627007,0
            -73.5887211,5.5618455,0
            -73.5893136,5.5621222,0
            -73.5893577,5.5610539,0
            -73.5900455,5.5605835,0
            -73.5910564,5.5612019,0
            -73.5919564,5.5616853,0
            -73.5954956,5.5615707,0
            -73.5976174,5.560957,0
            -73.5990285,5.5601996,0
            -73.600461,5.5611719,0
            -73.6013234,5.5606889,0
            -73.6019712,5.5581556,0
            -73.6040566,5.557523,0
            -73.6061292,5.5563738,0
            -73.6082921,5.5558099,0
            -73.6119376,5.5539154,0
            -73.6142325,5.5520498,0
            -73.6151322,5.5519354,0
            -73.6159211,5.5514512,0
            -73.6173455,5.5518925,0
            -73.6190232,5.5515578,0
            -73.6192613,5.5509207,0
            -73.6190799,5.5504312,0
            -73.620105,5.5500797,0
            -73.6217548,5.5501175,0
            -73.6223866,5.5496025,0
            -73.6212004,5.5487683,0
            -73.6212511,5.548458,0
            -73.6200533,5.5476195,0
            -73.6192613,5.5469653,0
            -73.621333,5.5471935,0
            -73.6218323,5.5468804,0
            -73.622833,5.5470015,0
            -73.6237625,5.5469766,0
            -73.6238625,5.5466865,0
            -73.6258437,5.5456018,0
            -73.6267484,5.5448458,0
            -73.6271364,5.5447669,0
            -73.6284677,5.5434246,0
            -73.6296053,5.5426894,0
            -73.6290369,5.5411898,0
            -73.6282163,5.5405255,0
            -73.6284829,5.5401781,0
            -73.6290499,5.5403861,0
            -73.6343479,5.5370419,0
          </coordinates>
        </LineString>
      </Placemark>
      <Placemark>
        <name>Escuela Cardonal</name>
        <styleUrl>#icon-1899-7CB342-nodesc</styleUrl>
        <Point>
          <coordinates>
            -73.4938654,5.713036,0
          </coordinates>
        </Point>
      </Placemark>
    </Folder>
    <Folder>
      <name>Directions from Villa de Leyva, Boyaca to Monasterio de Santo Eccehomo, Santo Ecce Homo, Santa Sofía, Boyaca</name>
      <Placemark>
        <name>Directions from Villa de Leyva, Boyaca to Monasterio de Santo Eccehomo, Santo Ecce Homo, Santa Sofía, Boyaca</name>
        <styleUrl>#line-1267FF-5000-nodesc</styleUrl>
        <LineString>
          <tessellate>1</tessellate>
          <coordinates>
            -73.52712,5.63647,0
            -73.52707,5.63637,0
            -73.5271,5.63636,0
            -73.52715,5.63633,0
            -73.52721,5.63629,0
            -73.52729,5.63621,0
            -73.52734,5.63618,0
            -73.52739,5.63612,0
            -73.52752,5.63598,0
            -73.52776,5.63569,0
            -73.52809,5.63532,0
            -73.52831,5.63508,0
            -73.52835,5.63502,0
            -73.5284,5.63495,0
            -73.52843,5.63488,0
            -73.52845,5.63484,0
            -73.52846,5.63478,0
            -73.52847,5.63472,0
            -73.52847,5.63465,0
            -73.52845,5.63456,0
            -73.52849,5.63457,0
            -73.52852,5.63459,0
            -73.52854,5.63461,0
            -73.52857,5.63463,0
            -73.52863,5.63466,0
            -73.52872,5.63475,0
            -73.52893,5.63493,0
            -73.52901,5.635,0
            -73.52908,5.63509,0
            -73.52916,5.63522,0
            -73.5292,5.63533,0
            -73.52921,5.63535,0
            -73.52925,5.63553,0
            -73.52931,5.6358,0
            -73.52933,5.63586,0
            -73.52936,5.63591,0
            -73.52939,5.63599,0
            -73.52942,5.63602,0
            -73.52946,5.63607,0
            -73.5295,5.63608,0
            -73.52956,5.63611,0
            -73.52986,5.63622,0
            -73.53011,5.63633,0
            -73.53023,5.63639,0
            -73.5305,5.63652,0
            -73.53066,5.63661,0
            -73.53121,5.63686,0
            -73.53163,5.63702,0
            -73.53214,5.63722,0
            -73.53249,5.63734,0
            -73.53262,5.63735,0
            -73.53282,5.63736,0
            -73.53299,5.63738,0
            -73.53311,5.6374,0
            -73.53388,5.63764,0
            -73.53429,5.63778,0
            -73.53456,5.63786,0
            -73.53473,5.63792,0
            -73.53476,5.63793,0
            -73.53501,5.63798,0
            -73.53507,5.638,0
            -73.53539,5.63806,0
            -73.53557,5.6381,0
            -73.53564,5.63811,0
            -73.53578,5.63813,0
            -73.53582,5.63814,0
            -73.53584,5.63815,0
            -73.53598,5.63818,0
            -73.536,5.63818,0
            -73.53624,5.63825,0
            -73.53635,5.63827,0
            -73.53652,5.6383,0
            -73.5367,5.63835,0
            -73.53672,5.63835,0
            -73.53688,5.63839,0
            -73.53701,5.63841,0
            -73.53707,5.63841,0
            -73.53723,5.63842,0
            -73.53725,5.63842,0
            -73.5374,5.63842,0
            -73.53761,5.63843,0
            -73.53774,5.63843,0
            -73.53793,5.63845,0
            -73.53798,5.63845,0
            -73.538,5.63846,0
            -73.53806,5.63847,0
            -73.53813,5.63849,0
            -73.5382,5.63853,0
            -73.53834,5.63864,0
            -73.53857,5.63882,0
            -73.53859,5.63884,0
            -73.53879,5.63903,0
            -73.53883,5.63908,0
            -73.53886,5.63911,0
            -73.53888,5.63913,0
            -73.53889,5.63914,0
            -73.53891,5.63915,0
            -73.53893,5.63915,0
            -73.53895,5.63915,0
            -73.53897,5.63912,0
            -73.53898,5.63906,0
            -73.53902,5.63883,0
            -73.53902,5.63878,0
            -73.53906,5.63842,0
            -73.53907,5.63837,0
            -73.53909,5.63821,0
            -73.53911,5.63806,0
            -73.53918,5.63818,0
            -73.53921,5.63822,0
            -73.53925,5.63826,0
            -73.53935,5.63837,0
            -73.53953,5.63855,0
            -73.53959,5.6386,0
            -73.53965,5.63866,0
            -73.5399,5.63889,0
            -73.54011,5.6391,0
            -73.54029,5.63927,0
            -73.54039,5.63938,0
            -73.5404,5.63939,0
            -73.5405,5.63951,0
            -73.54079,5.63989,0
            -73.54094,5.64005,0
            -73.54098,5.64008,0
            -73.54108,5.64018,0
            -73.54139,5.64042,0
            -73.54173,5.64068,0
            -73.54177,5.6407,0
            -73.54196,5.64082,0
            -73.54219,5.64096,0
            -73.54223,5.64098,0
            -73.54228,5.64102,0
            -73.54236,5.64109,0
            -73.54243,5.64116,0
            -73.54257,5.64134,0
            -73.54266,5.64145,0
            -73.54274,5.64152,0
            -73.5428,5.64158,0
            -73.54283,5.64159,0
            -73.54285,5.6416,0
            -73.5429,5.64163,0
            -73.54296,5.64164,0
            -73.543,5.64165,0
            -73.54304,5.64166,0
            -73.54314,5.64167,0
            -73.54344,5.64174,0
            -73.54365,5.64177,0
            -73.54372,5.64178,0
            -73.54407,5.64189,0
            -73.54417,5.64192,0
            -73.54424,5.64193,0
            -73.54432,5.64192,0
            -73.54437,5.64191,0
            -73.54447,5.64189,0
            -73.54456,5.64189,0
            -73.54489,5.64187,0
            -73.54533,5.64183,0
            -73.54573,5.64178,0
            -73.54581,5.64178,0
            -73.54589,5.64178,0
            -73.54597,5.64178,0
            -73.54601,5.64179,0
            -73.54602,5.64179,0
            -73.54619,5.64181,0
            -73.54622,5.64182,0
            -73.54633,5.64185,0
            -73.5464,5.64189,0
            -73.54652,5.64196,0
            -73.54656,5.64199,0
            -73.54693,5.64217,0
            -73.54704,5.64221,0
            -73.54714,5.64222,0
            -73.54716,5.64223,0
            -73.54732,5.64224,0
            -73.54745,5.64226,0
            -73.54754,5.64227,0
            -73.54767,5.6423,0
            -73.54768,5.64231,0
            -73.54788,5.64236,0
            -73.54803,5.6424,0
            -73.54809,5.64243,0
            -73.54813,5.64246,0
            -73.54819,5.64252,0
            -73.54834,5.64262,0
            -73.54843,5.64267,0
            -73.5485,5.64271,0
            -73.5486,5.64278,0
            -73.54869,5.64282,0
            -73.54877,5.64284,0
            -73.5488,5.64285,0
            -73.54885,5.64285,0
            -73.54899,5.64285,0
            -73.54902,5.64285,0
            -73.54909,5.64285,0
            -73.54918,5.64287,0
            -73.54921,5.64287,0
            -73.54933,5.6429,0
            -73.54936,5.64291,0
            -73.54951,5.64295,0
            -73.54954,5.64295,0
            -73.54969,5.64296,0
            -73.54982,5.64296,0
            -73.55004,5.64295,0
            -73.55033,5.64293,0
            -73.55051,5.64293,0
            -73.55061,5.64295,0
            -73.55078,5.64297,0
            -73.55125,5.64302,0
            -73.55152,5.64305,0
            -73.55169,5.64304,0
            -73.5517,5.64304,0
            -73.55185,5.64301,0
            -73.55187,5.64301,0
            -73.55195,5.64299,0
            -73.552,5.64298,0
            -73.55209,5.64298,0
            -73.55216,5.64298,0
            -73.55219,5.64298,0
            -73.55224,5.643,0
            -73.55228,5.64302,0
            -73.55234,5.64306,0
            -73.55241,5.64311,0
            -73.55245,5.64316,0
            -73.55251,5.64326,0
            -73.55257,5.64327,0
            -73.55264,5.64326,0
            -73.55269,5.64326,0
            -73.55275,5.64325,0
            -73.55277,5.64323,0
            -73.55285,5.64319,0
            -73.55287,5.64318,0
            -73.55297,5.64313,0
            -73.55301,5.64312,0
            -73.55303,5.64312,0
            -73.55306,5.64312,0
            -73.55311,5.64312,0
            -73.55317,5.64313,0
            -73.55334,5.64316,0
            -73.55351,5.64319,0
            -73.55358,5.64319,0
            -73.55363,5.64319,0
            -73.55378,5.64317,0
            -73.55381,5.64317,0
            -73.55404,5.64313,0
            -73.55417,5.64311,0
            -73.55426,5.64311,0
            -73.55437,5.64311,0
            -73.55443,5.64311,0
            -73.5545,5.64313,0
            -73.55455,5.64313,0
            -73.55463,5.64313,0
            -73.55475,5.64311,0
            -73.55499,5.64311,0
            -73.55518,5.64312,0
            -73.55523,5.64312,0
            -73.55527,5.64312,0
            -73.55534,5.6431,0
            -73.55539,5.64308,0
            -73.55551,5.64302,0
            -73.55577,5.64288,0
            -73.5559,5.6428,0
            -73.55598,5.64274,0
            -73.55602,5.64271,0
            -73.55609,5.64267,0
            -73.55622,5.64262,0
            -73.55635,5.64257,0
            -73.55649,5.6425,0
            -73.55656,5.64245,0
            -73.55664,5.6424,0
            -73.55668,5.64238,0
            -73.55672,5.64237,0
            -73.55678,5.64236,0
            -73.55687,5.64235,0
            -73.55705,5.64234,0
            -73.5571,5.64234,0
            -73.55713,5.64233,0
            -73.55716,5.64233,0
            -73.5572,5.64231,0
            -73.55732,5.64225,0
            -73.55736,5.64224,0
            -73.55752,5.64217,0
            -73.55753,5.64217,0
            -73.55759,5.64214,0
            -73.55763,5.64212,0
            -73.55768,5.64208,0
            -73.55778,5.64201,0
            -73.55785,5.64197,0
            -73.55797,5.64189,0
            -73.55816,5.6418,0
            -73.55826,5.64175,0
            -73.5585,5.64166,0
            -73.55869,5.64158,0
            -73.55881,5.64153,0
            -73.55889,5.64149,0
            -73.55896,5.64148,0
            -73.55899,5.64147,0
            -73.55903,5.64146,0
            -73.55911,5.64144,0
            -73.55921,5.6414,0
            -73.5594,5.64132,0
            -73.55942,5.64131,0
            -73.55945,5.6413,0
            -73.55948,5.6413,0
            -73.55949,5.64129,0
            -73.5595,5.64129,0
            -73.55953,5.6413,0
            -73.55957,5.64131,0
            -73.55962,5.64133,0
            -73.55968,5.64136,0
            -73.55975,5.64139,0
            -73.55985,5.64144,0
            -73.56008,5.64156,0
            -73.56037,5.6417,0
            -73.56049,5.64175,0
            -73.56066,5.64182,0
            -73.56082,5.64189,0
            -73.56099,5.64197,0
            -73.56125,5.64208,0
            -73.56144,5.64215,0
            -73.56156,5.64219,0
            -73.56166,5.64221,0
            -73.56179,5.64224,0
            -73.56218,5.64231,0
            -73.56242,5.64235,0
            -73.56259,5.64238,0
            -73.56263,5.64238,0
            -73.56266,5.64237,0
            -73.56268,5.64236,0
            -73.56271,5.64235,0
            -73.56273,5.64234,0
            -73.56289,5.64226,0
            -73.56295,5.64223,0
            -73.5631,5.64216,0
            -73.56318,5.64214,0
            -73.56324,5.64213,0
            -73.56328,5.64213,0
            -73.56338,5.64214,0
            -73.56347,5.64215,0
            -73.56356,5.64217,0
            -73.56369,5.64219,0
            -73.56376,5.64221,0
            -73.56379,5.64222,0
            -73.56389,5.64226,0
            -73.56408,5.64234,0
            -73.56422,5.64239,0
            -73.56436,5.64243,0
            -73.5645,5.64246,0
            -73.56462,5.64249,0
            -73.56466,5.6425,0
            -73.56472,5.64251,0
            -73.56485,5.64255,0
            -73.56499,5.64259,0
            -73.5651,5.64262,0
            -73.56515,5.64264,0
            -73.56517,5.64264,0
            -73.56519,5.64264,0
            -73.56521,5.64263,0
            -73.5654,5.64259,0
            -73.56549,5.64257,0
            -73.56552,5.64257,0
            -73.56567,5.64253,0
            -73.56578,5.6425,0
            -73.56602,5.64243,0
            -73.56616,5.6424,0
            -73.56665,5.64233,0
            -73.56682,5.64244,0
            -73.56697,5.64255,0
            -73.56709,5.64264,0
            -73.56718,5.64274,0
            -73.5673,5.64293,0
            -73.56739,5.64317,0
            -73.56751,5.64348,0
            -73.56758,5.64371,0
            -73.56763,5.64425,0
            -73.56769,5.64497,0
            -73.56771,5.64525,0
            -73.56772,5.64527,0
            -73.56773,5.64529,0
            -73.56775,5.64531,0
            -73.56779,5.64533,0
            -73.56782,5.64534,0
            -73.56792,5.64537,0
            -73.56802,5.64536,0
            -73.56838,5.64534,0
            -73.56914,5.64525,0
            -73.56946,5.64528,0
            -73.56949,5.64528,0
            -73.5696,5.64531,0
            -73.56974,5.64536,0
            -73.56986,5.64542,0
            -73.56995,5.64549,0
            -73.57005,5.6456,0
            -73.57008,5.64566,0
            -73.57012,5.64574,0
            -73.57017,5.64593,0
            -73.57021,5.64614,0
            -73.57023,5.64624,0
            -73.57027,5.64631,0
            -73.57032,5.64642,0
            -73.57047,5.64658,0
            -73.57068,5.64674,0
            -73.57091,5.64692,0
            -73.57112,5.64711,0
            -73.57119,5.64716,0
            -73.57161,5.64748,0
            -73.5719,5.64771,0
            -73.57204,5.64782,0
            -73.57228,5.64801,0
            -73.57233,5.64805,0
            -73.57276,5.64837,0
            -73.57284,5.64843,0
            -73.57382,5.64906,0
            -73.57407,5.64917,0
            -73.57437,5.64934,0
            -73.5745,5.64944,0
            -73.5747,5.64958,0
            -73.57528,5.65004,0
            -73.57535,5.65012,0
            -73.57539,5.65017,0
            -73.57547,5.65025,0
            -73.5755,5.65028,0
            -73.57566,5.65058,0
            -73.57574,5.65079,0
            -73.57578,5.6509,0
            -73.57587,5.65115,0
            -73.57596,5.6514,0
            -73.57602,5.65157,0
            -73.57607,5.65171,0
            -73.57608,5.65174,0
            -73.5761,5.65181,0
            -73.57619,5.65209,0
            -73.5762,5.65213,0
            -73.57624,5.65226,0
            -73.5763,5.65235,0
            -73.57635,5.6524,0
            -73.5764,5.65245,0
            -73.57653,5.65257,0
            -73.57673,5.65273,0
            -73.577,5.65296,0
            -73.57716,5.65313,0
            -73.57723,5.65321,0
            -73.57748,5.65349,0
            -73.57786,5.65395,0
            -73.57797,5.65409,0
            -73.57802,5.65414,0
            -73.57804,5.65417,0
            -73.57809,5.65423,0
            -73.57839,5.65463,0
            -73.5788,5.65522,0
            -73.57902,5.65556,0
            -73.57931,5.65601,0
            -73.57941,5.65616,0
            -73.57943,5.6562,0
            -73.57945,5.65622,0
            -73.57951,5.65631,0
            -73.57966,5.65653,0
            -73.58012,5.65717,0
            -73.58038,5.6575,0
            -73.58066,5.65796,0
            -73.58087,5.65837,0
            -73.58104,5.65872,0
            -73.58125,5.6591,0
            -73.58133,5.65926,0
            -73.58145,5.65943,0
            -73.58166,5.65965,0
            -73.58193,5.65995,0
            -73.58213,5.66014,0
            -73.58237,5.66028,0
            -73.58264,5.66036,0
            -73.58271,5.66038,0
            -73.58291,5.6604,0
            -73.58301,5.66042,0
            -73.58311,5.66044,0
            -73.58329,5.66051,0
            -73.58346,5.66059,0
            -73.58381,5.66075,0
            -73.5842,5.66096,0
            -73.58458,5.66115,0
            -73.58487,5.66129,0
            -73.58557,5.66165,0
            -73.58595,5.6619,0
            -73.58622,5.6621,0
            -73.58629,5.66216,0
            -73.58636,5.66222,0
            -73.58641,5.66226,0
            -73.58648,5.66232,0
            -73.58657,5.66241,0
            -73.58664,5.66249,0
            -73.58667,5.66255,0
            -73.58668,5.66259,0
            -73.58669,5.66273,0
            -73.58671,5.66299,0
            -73.58671,5.66329,0
            -73.5867,5.66335,0
            -73.58667,5.66359,0
            -73.58664,5.66373,0
            -73.5866,5.66391,0
            -73.58658,5.664,0
            -73.58656,5.66409,0
            -73.58653,5.66426,0
            -73.58653,5.66427,0
            -73.58649,5.66444,0
            -73.58648,5.66451,0
            -73.58645,5.66462,0
            -73.58644,5.66469,0
            -73.58643,5.6648,0
            -73.58642,5.66484,0
            -73.58642,5.66495,0
            -73.58642,5.66498,0
            -73.58642,5.66506,0
            -73.58642,5.66513,0
            -73.58642,5.66516,0
            -73.58641,5.66526,0
            -73.5864,5.66534,0
            -73.58639,5.6654,0
            -73.58638,5.66551,0
            -73.58638,5.66552,0
            -73.58639,5.6656,0
            -73.5864,5.66569,0
            -73.58642,5.66579,0
            -73.58644,5.66587,0
            -73.58647,5.66594,0
            -73.5865,5.66604,0
            -73.58654,5.66615,0
            -73.58656,5.66621,0
            -73.58658,5.6663,0
            -73.58658,5.66637,0
            -73.58656,5.66643,0
            -73.58654,5.66649,0
            -73.58649,5.66654,0
            -73.58647,5.66657,0
            -73.58645,5.6666,0
            -73.5864,5.66666,0
            -73.58638,5.66668,0
            -73.58626,5.66682,0
            -73.58625,5.66683,0
            -73.58615,5.66696,0
            -73.58613,5.66698,0
            -73.58603,5.66709,0
            -73.58602,5.6671,0
            -73.58597,5.66718,0
            -73.58594,5.66725,0
            -73.58593,5.66725,0
            -73.58591,5.66733,0
            -73.58591,5.66739,0
            -73.5859,5.66742,0
            -73.5859,5.66752,0
            -73.5859,5.6676,0
            -73.5859,5.66774,0
            -73.58591,5.66778,0
            -73.58593,5.66796,0
            -73.58593,5.668,0
            -73.58594,5.66814,0
            -73.58595,5.66826,0
            -73.58595,5.66832,0
            -73.58597,5.6685,0
            -73.58597,5.66851,0
            -73.58598,5.66862,0
            -73.58599,5.66868,0
            -73.58599,5.66871,0
            -73.586,5.66881,0
            -73.586,5.66886,0
            -73.58599,5.66887,0
            -73.58596,5.66897,0
            -73.58594,5.66903,0
            -73.5859,5.66909,0
            -73.58584,5.66918,0
            -73.58579,5.66925,0
            -73.58575,5.66934,0
            -73.58573,5.6694,0
            -73.5857,5.66951,0
            -73.58569,5.66955,0
            -73.58569,5.66969,0
            -73.58569,5.66974,0
            -73.5857,5.66987,0
            -73.58571,5.66992,0
            -73.58573,5.67004,0
            -73.58573,5.67009,0
            -73.58575,5.67019,0
            -73.58576,5.67022,0
            -73.58577,5.67033,0
            -73.58578,5.6704,0
            -73.58579,5.67042,0
            -73.5858,5.67055,0
            -73.58581,5.67058,0
            -73.58581,5.67066,0
            -73.5858,5.67076,0
            -73.5858,5.67093,0
            -73.5858,5.67094,0
            -73.5858,5.67112,0
            -73.5858,5.67128,0
            -73.5858,5.6713,0
            -73.5858,5.67148,0
            -73.5858,5.67155,0
            -73.58581,5.67166,0
            -73.58581,5.67184,0
            -73.5858,5.67188,0
            -73.58579,5.672,0
            -73.58576,5.67214,0
            -73.58574,5.67223,0
            -73.58573,5.67227,0
            -73.58572,5.67229,0
            -73.58572,5.6723,0
            -73.58572,5.67233,0
            -73.58572,5.67237,0
            -73.58574,5.67245,0
            -73.58577,5.67251,0
            -73.58586,5.67262,0
            -73.58589,5.67267,0
            -73.58597,5.67276,0
            -73.58606,5.67287,0
            -73.5861,5.67296,0
            -73.58613,5.67306,0
            -73.58614,5.67319,0
            -73.58614,5.67325,0
            -73.58615,5.67348,0
            -73.58615,5.67372,0
            -73.58614,5.67379,0
            -73.58614,5.67386,0
            -73.58611,5.67395,0
            -73.58611,5.67397,0
            -73.58608,5.67404,0
            -73.58607,5.67407,0
            -73.58597,5.6743,0
            -73.58596,5.67432,0
            -73.5859,5.67447,0
            -73.58583,5.67463,0
            -73.58577,5.67478,0
            -73.58572,5.67492,0
            -73.58569,5.67505,0
            -73.58567,5.67515,0
            -73.58565,5.67551,0
            -73.58564,5.67568,0
            -73.58564,5.67573,0
            -73.58565,5.67596,0
            -73.58567,5.67603,0
            -73.58569,5.67608,0
            -73.58571,5.67613,0
            -73.58574,5.67617,0
            -73.58578,5.67622,0
            -73.58582,5.67626,0
            -73.58589,5.67632,0
            -73.58595,5.67636,0
            -73.58602,5.67642,0
            -73.58606,5.67647,0
            -73.58607,5.6765,0
            -73.58608,5.67654,0
            -73.58608,5.6766,0
            -73.58607,5.67674,0
            -73.58607,5.67678,0
            -73.58607,5.67682,0
            -73.58606,5.67692,0
            -73.58606,5.67701,0
            -73.58606,5.67715,0
            -73.58607,5.67723,0
            -73.58608,5.67731,0
            -73.58609,5.67731,0
            -73.58614,5.67749,0
            -73.58619,5.67761,0
            -73.58628,5.67782,0
            -73.58629,5.67783,0
            -73.58632,5.678,0
            -73.58633,5.67809,0
            -73.58631,5.67817,0
            -73.5863,5.67825,0
            -73.58628,5.67835,0
            -73.58627,5.6784,0
            -73.5862,5.6787,0
            -73.58609,5.67915,0
            -73.58607,5.67924,0
            -73.58607,5.67934,0
            -73.58606,5.6794,0
            -73.58606,5.67949,0
            -73.58606,5.67962,0
            -73.58609,5.67986,0
            -73.58609,5.67995,0
            -73.58609,5.68004,0
            -73.58609,5.68012,0
            -73.58608,5.68019,0
            -73.58607,5.6803,0
            -73.58604,5.68039,0
            -73.58602,5.68047,0
            -73.58601,5.6805,0
            -73.58596,5.68064,0
            -73.58589,5.68081,0
            -73.58587,5.68088,0
            -73.58586,5.68099,0
            -73.5858,5.68134,0
            -73.58581,5.68148,0
            -73.58584,5.68158,0
            -73.58589,5.6817,0
            -73.58594,5.68182,0
            -73.58616,5.68223,0
            -73.58617,5.68226,0
            -73.58636,5.68265,0
            -73.58647,5.68291,0
            -73.58652,5.68302,0
            -73.58666,5.68331,0
            -73.58682,5.68369,0
            -73.58684,5.68373,0
            -73.58706,5.68375,0
            -73.58746,5.68374,0
            -73.58757,5.68373,0
            -73.58763,5.68373,0
            -73.5878,5.68373,0
            -73.58792,5.68374,0
            -73.58802,5.68377,0
            -73.58826,5.68386,0
            -73.58851,5.68394,0
            -73.58861,5.68397,0
            -73.5887,5.684,0
            -73.58878,5.68403,0
            -73.58896,5.68408,0
            -73.58897,5.68408,0
            -73.58911,5.68412,0
            -73.58913,5.68412,0
            -73.58922,5.68413,0
            -73.58934,5.68413,0
            -73.58945,5.68413,0
            -73.58961,5.68408,0
            -73.58978,5.68401,0
            -73.59004,5.6839,0
            -73.59006,5.68389,0
            -73.59032,5.68379,0
            -73.5908,5.68362,0
            -73.59107,5.68356,0
            -73.59134,5.6835,0
            -73.59145,5.68348,0
            -73.59154,5.68345,0
            -73.59155,5.68345,0
            -73.5916,5.68343,0
            -73.59165,5.6834,0
            -73.5917,5.68336,0
            -73.59177,5.68331,0
            -73.59189,5.68321,0
            -73.5919,5.6832,0
            -73.59199,5.68314,0
            -73.59211,5.68304,0
            -73.59213,5.68302,0
            -73.59256,5.68268,0
            -73.59261,5.68264,0
            -73.5927,5.68258,0
            -73.59274,5.68254,0
            -73.59292,5.68237,0
            -73.59319,5.68212,0
            -73.59338,5.68192,0
            -73.59345,5.68184,0
            -73.59347,5.68182,0
            -73.59351,5.68176,0
            -73.59356,5.68167,0
            -73.59373,5.68125,0
            -73.59385,5.68101,0
            -73.59395,5.68086,0
            -73.59413,5.68059,0
            -73.59415,5.68056,0
            -73.59419,5.6805,0
            -73.59425,5.68041,0
            -73.59433,5.6803,0
            -73.59454,5.67993,0
            -73.59467,5.67973,0
            -73.59476,5.67963,0
            -73.59479,5.6796,0
            -73.59491,5.67941,0
            -73.59498,5.67925,0
            -73.59503,5.67912,0
            -73.59507,5.67897,0
            -73.59508,5.67885,0
            -73.59508,5.67876,0
            -73.59508,5.67872,0
            -73.59508,5.67858,0
            -73.59508,5.67856,0
            -73.59507,5.67854,0
            -73.59505,5.6784,0
            -73.59504,5.67836,0
          </coordinates>
        </LineString>
      </Placemark>
      <Placemark>
        <name>Villa de Leyva, Boyaca</name>
        <styleUrl>#icon-1899-DB4436-nodesc</styleUrl>
        <Point>
          <coordinates>
            -73.5271183,5.6364695,0
          </coordinates>
        </Point>
      </Placemark>
      <Placemark>
        <name>Santo Ecce Homo, Santa Sofía, Boyaca</name>
        <styleUrl>#icon-1899-DB4436-nodesc</styleUrl>
        <Point>
          <coordinates>
            -73.5910748,5.683555,0
          </coordinates>
        </Point>
      </Placemark>
      <Placemark>
        <name>Monasterio de Santo Eccehomo, Santo Ecce Homo, Santa Sofía, Boyaca</name>
        <styleUrl>#icon-1899-DB4436-nodesc</styleUrl>
        <Point>
          <coordinates>
            -73.5950431,5.678364,0
          </coordinates>
        </Point>
      </Placemark>
    </Folder>
    <Folder>
      <name>Directions from Monasterio de Santo Eccehomo, Santo Ecce Homo, Santa Sofía, Boyaca to Juan Pablo Segundo Segunda Etapa, Chiquinquirá, Boyacá, Colombia</name>
      <Placemark>
        <name>Directions from Monasterio de Santo Eccehomo, Santo Ecce Homo, Santa Sofía, Boyaca to Juan Pablo Segundo Segunda Etapa, Chiquinquirá, Boyacá, Colombia</name>
        <styleUrl>#line-1267FF-5000-nodesc</styleUrl>
        <LineString>
          <tessellate>1</tessellate>
          <coordinates>
            -73.59504,5.67836,0
            -73.59507,5.67854,0
            -73.59508,5.67856,0
            -73.59508,5.67885,0
            -73.59507,5.67897,0
            -73.59503,5.67912,0
            -73.59491,5.67941,0
            -73.59479,5.6796,0
            -73.59491,5.67953,0
            -73.59505,5.67947,0
            -73.59512,5.67945,0
            -73.5953,5.67945,0
            -73.59717,5.67972,0
            -73.59721,5.67974,0
            -73.59723,5.6797,0
            -73.59732,5.67957,0
            -73.59733,5.67953,0
            -73.59735,5.6795,0
            -73.59739,5.67932,0
            -73.59743,5.67921,0
            -73.59744,5.67914,0
            -73.59738,5.67849,0
            -73.59738,5.6783,0
            -73.5974,5.67814,0
            -73.59742,5.67809,0
            -73.59745,5.67806,0
            -73.59748,5.67804,0
            -73.59812,5.67787,0
            -73.59814,5.67786,0
            -73.59815,5.67785,0
            -73.59817,5.67784,0
            -73.59817,5.67783,0
            -73.59819,5.67781,0
            -73.59829,5.67765,0
            -73.59836,5.67757,0
            -73.59839,5.67755,0
            -73.59848,5.67746,0
            -73.59859,5.67738,0
            -73.59861,5.67736,0
            -73.59864,5.67729,0
            -73.59864,5.67721,0
            -73.59868,5.67709,0
            -73.59871,5.67706,0
            -73.59873,5.67703,0
            -73.5989,5.67691,0
            -73.59906,5.67684,0
            -73.59908,5.67684,0
            -73.59911,5.67683,0
            -73.59916,5.67683,0
            -73.59918,5.67682,0
            -73.59919,5.67682,0
            -73.59921,5.67681,0
            -73.59937,5.67677,0
            -73.5994,5.67677,0
            -73.59943,5.67676,0
            -73.59948,5.67676,0
            -73.59951,5.67675,0
            -73.59955,5.67675,0
            -73.59957,5.67674,0
            -73.59959,5.67674,0
            -73.59961,5.67673,0
            -73.59963,5.67673,0
            -73.59966,5.67674,0
            -73.5997,5.67674,0
            -73.59972,5.67675,0
            -73.59974,5.67675,0
            -73.59978,5.67677,0
            -73.59982,5.67677,0
            -73.59983,5.67678,0
            -73.59991,5.67678,0
            -73.6,5.6768,0
            -73.60013,5.6768,0
            -73.60017,5.67681,0
            -73.60023,5.67681,0
            -73.60035,5.67683,0
            -73.60044,5.67683,0
            -73.60047,5.67682,0
            -73.60052,5.67683,0
            -73.60065,5.67683,0
            -73.60079,5.67688,0
            -73.60089,5.67688,0
            -73.60091,5.67687,0
            -73.60105,5.67687,0
            -73.60107,5.67688,0
            -73.60112,5.67688,0
            -73.60125,5.6769,0
            -73.60136,5.6769,0
            -73.60141,5.67688,0
            -73.60142,5.67688,0
            -73.60152,5.67683,0
            -73.60169,5.67671,0
            -73.60182,5.67665,0
            -73.60214,5.67644,0
            -73.60223,5.67641,0
            -73.60232,5.67641,0
            -73.60234,5.67642,0
            -73.60246,5.67644,0
            -73.60263,5.67653,0
            -73.6027,5.67658,0
            -73.60276,5.67661,0
            -73.60282,5.67662,0
            -73.60284,5.67663,0
            -73.60289,5.67663,0
            -73.60291,5.67662,0
            -73.60293,5.6766,0
            -73.60295,5.67659,0
            -73.60298,5.67652,0
            -73.60298,5.6765,0
            -73.603,5.67644,0
            -73.60302,5.67618,0
            -73.60304,5.67609,0
            -73.60313,5.67581,0
            -73.60313,5.67577,0
            -73.60314,5.67573,0
            -73.60314,5.67569,0
            -73.60315,5.67563,0
            -73.60317,5.67558,0
            -73.60319,5.67555,0
            -73.6032,5.67552,0
            -73.60325,5.67547,0
            -73.60327,5.67546,0
            -73.6033,5.67543,0
            -73.60333,5.67542,0
            -73.60355,5.67528,0
            -73.6036,5.67523,0
            -73.60362,5.67522,0
            -73.60365,5.67517,0
            -73.60366,5.67514,0
            -73.6037,5.67507,0
            -73.60377,5.675,0
            -73.60422,5.67463,0
            -73.60434,5.67456,0
            -73.60451,5.67443,0
            -73.60458,5.67434,0
            -73.60486,5.6739,0
            -73.60497,5.67377,0
            -73.60503,5.67375,0
            -73.60509,5.67372,0
            -73.60518,5.67372,0
            -73.60545,5.67378,0
            -73.6055,5.67378,0
            -73.60559,5.67376,0
            -73.6057,5.67367,0
            -73.60579,5.67357,0
            -73.60581,5.67353,0
            -73.60581,5.67348,0
            -73.60579,5.67344,0
            -73.60575,5.67339,0
            -73.60573,5.67335,0
            -73.60568,5.6732,0
            -73.60568,5.67313,0
            -73.6057,5.67308,0
            -73.60582,5.67297,0
            -73.60596,5.67281,0
            -73.60598,5.67276,0
            -73.60598,5.67271,0
            -73.60597,5.67265,0
            -73.60597,5.67255,0
            -73.60599,5.67247,0
            -73.60601,5.67244,0
            -73.60602,5.67239,0
            -73.60603,5.67237,0
            -73.60603,5.67231,0
            -73.60604,5.67229,0
            -73.60604,5.67227,0
            -73.60603,5.67223,0
            -73.60603,5.6722,0
            -73.60605,5.67213,0
            -73.60608,5.6721,0
            -73.60609,5.67207,0
            -73.60643,5.67163,0
            -73.60662,5.67134,0
            -73.60668,5.67118,0
            -73.60672,5.67098,0
            -73.60684,5.67058,0
            -73.60688,5.67049,0
            -73.60689,5.67049,0
            -73.60692,5.67042,0
            -73.60697,5.67034,0
            -73.60698,5.67033,0
            -73.60701,5.67028,0
            -73.60734,5.66997,0
            -73.60737,5.66996,0
            -73.60739,5.66994,0
            -73.60741,5.66993,0
            -73.60742,5.66992,0
            -73.60744,5.66991,0
            -73.60745,5.6699,0
            -73.60752,5.66987,0
            -73.60754,5.66987,0
            -73.60756,5.66986,0
            -73.6076,5.66985,0
            -73.60771,5.6698,0
            -73.60773,5.66978,0
            -73.60775,5.66977,0
            -73.60784,5.66968,0
            -73.60812,5.66947,0
            -73.60851,5.66922,0
            -73.60863,5.66916,0
            -73.60884,5.66911,0
            -73.60889,5.66911,0
            -73.60893,5.66912,0
            -73.60896,5.66912,0
            -73.60911,5.66916,0
            -73.6092,5.66916,0
            -73.60923,5.66915,0
            -73.60932,5.66915,0
            -73.60933,5.66914,0
            -73.60935,5.66914,0
            -73.60942,5.66911,0
            -73.60945,5.66908,0
            -73.60946,5.66906,0
            -73.60946,5.66904,0
            -73.60947,5.66902,0
            -73.60947,5.66895,0
            -73.60946,5.6689,0
            -73.60946,5.6688,0
            -73.60952,5.66842,0
            -73.6095,5.66763,0
            -73.60951,5.6676,0
            -73.60953,5.66746,0
            -73.60953,5.66716,0
            -73.60955,5.66709,0
            -73.60956,5.66702,0
            -73.60959,5.66692,0
            -73.60965,5.6668,0
            -73.60968,5.66677,0
            -73.6099,5.6665,0
            -73.6099,5.66649,0
            -73.60996,5.66644,0
            -73.61005,5.6664,0
            -73.61012,5.66639,0
            -73.61026,5.6664,0
            -73.61048,5.66646,0
            -73.6106,5.66646,0
            -73.61063,5.66645,0
            -73.61067,5.66645,0
            -73.61076,5.6664,0
            -73.61077,5.6664,0
            -73.61081,5.66638,0
            -73.61106,5.6663,0
            -73.61117,5.66624,0
            -73.61123,5.66616,0
            -73.61131,5.666,0
            -73.61133,5.66594,0
            -73.61134,5.66587,0
            -73.61134,5.6658,0
            -73.61133,5.66572,0
            -73.61133,5.66564,0
            -73.61136,5.66548,0
            -73.61137,5.66547,0
            -73.61146,5.66531,0
            -73.61147,5.6653,0
            -73.61157,5.66512,0
            -73.6117,5.66472,0
            -73.61177,5.66461,0
            -73.61179,5.6646,0
            -73.61185,5.66455,0
            -73.61187,5.66454,0
            -73.61189,5.66454,0
            -73.61192,5.66451,0
            -73.61192,5.66449,0
            -73.61193,5.66448,0
            -73.61193,5.66446,0
            -73.61194,5.66443,0
            -73.61201,5.66431,0
            -73.61209,5.66426,0
            -73.61223,5.66415,0
            -73.61229,5.66408,0
            -73.61232,5.66402,0
            -73.61232,5.66401,0
            -73.61249,5.66335,0
            -73.61252,5.66327,0
            -73.61252,5.66325,0
            -73.61258,5.663,0
            -73.61262,5.66272,0
            -73.61262,5.66264,0
            -73.61261,5.66262,0
            -73.61261,5.66242,0
            -73.6126,5.6624,0
            -73.6126,5.66239,0
            -73.61259,5.66237,0
            -73.61259,5.66236,0
            -73.61258,5.66235,0
            -73.61258,5.66232,0
            -73.61257,5.66229,0
            -73.61257,5.66227,0
            -73.61256,5.66225,0
            -73.61256,5.66218,0
            -73.61251,5.66189,0
            -73.61251,5.66186,0
            -73.61252,5.66184,0
            -73.61252,5.66183,0
            -73.61255,5.66177,0
            -73.61259,5.66173,0
            -73.61261,5.6617,0
            -73.61263,5.66165,0
            -73.61263,5.66162,0
            -73.61264,5.66158,0
            -73.61263,5.66119,0
            -73.61262,5.66114,0
            -73.61263,5.66105,0
            -73.61264,5.66103,0
            -73.61264,5.66099,0
            -73.61265,5.66095,0
            -73.61265,5.66093,0
            -73.61267,5.66089,0
            -73.6127,5.66076,0
            -73.6127,5.66069,0
            -73.61269,5.66066,0
            -73.61269,5.66063,0
            -73.61268,5.66061,0
            -73.6127,5.66007,0
            -73.61275,5.65979,0
            -73.61275,5.65972,0
            -73.61276,5.65969,0
            -73.61276,5.65965,0
            -73.61275,5.65961,0
            -73.61275,5.65953,0
            -73.61276,5.65945,0
            -73.61283,5.65918,0
            -73.61286,5.65911,0
            -73.61287,5.65907,0
            -73.61287,5.65903,0
            -73.61288,5.65898,0
            -73.61289,5.6588,0
            -73.61292,5.65867,0
            -73.61295,5.65859,0
            -73.61306,5.65837,0
            -73.61315,5.65822,0
            -73.61319,5.65809,0
            -73.61316,5.65777,0
            -73.61319,5.65764,0
            -73.61319,5.65748,0
            -73.61315,5.65728,0
            -73.61315,5.65721,0
            -73.61318,5.65706,0
            -73.61318,5.65703,0
            -73.61319,5.657,0
            -73.61319,5.65683,0
            -73.6132,5.65679,0
            -73.6132,5.65677,0
            -73.61322,5.65674,0
            -73.61324,5.65669,0
            -73.61339,5.65644,0
            -73.61345,5.65636,0
            -73.61391,5.6559,0
            -73.61401,5.65576,0
            -73.61404,5.6557,0
            -73.61404,5.65569,0
            -73.61405,5.65567,0
            -73.61406,5.65563,0
            -73.61406,5.65558,0
            -73.61407,5.65553,0
            -73.61407,5.6555,0
            -73.61413,5.65536,0
            -73.61414,5.65535,0
            -73.61429,5.65512,0
            -73.61434,5.65502,0
            -73.61436,5.65494,0
            -73.61437,5.65482,0
            -73.61434,5.65476,0
            -73.6143,5.65472,0
            -73.61427,5.65471,0
            -73.61417,5.65465,0
            -73.61415,5.65463,0
            -73.61411,5.65456,0
            -73.61407,5.6544,0
            -73.61402,5.65392,0
            -73.61401,5.65367,0
            -73.61404,5.65356,0
            -73.61404,5.65353,0
            -73.61407,5.65341,0
            -73.61407,5.65302,0
            -73.61404,5.65266,0
            -73.61401,5.65251,0
            -73.614,5.65249,0
            -73.614,5.65246,0
            -73.6139,5.65227,0
            -73.614,5.65246,0
            -73.614,5.65249,0
            -73.61401,5.65251,0
            -73.61404,5.65266,0
            -73.61407,5.65302,0
            -73.61407,5.65341,0
            -73.61404,5.65353,0
            -73.61404,5.65356,0
            -73.61401,5.65367,0
            -73.61402,5.65392,0
            -73.61407,5.6544,0
            -73.61411,5.65456,0
            -73.61415,5.65463,0
            -73.61417,5.65465,0
            -73.61429,5.65472,0
            -73.61457,5.65463,0
            -73.6147,5.65461,0
            -73.61477,5.65461,0
            -73.61488,5.65458,0
            -73.61526,5.65454,0
            -73.616,5.65455,0
            -73.61625,5.65459,0
            -73.61651,5.65458,0
            -73.61691,5.65451,0
            -73.61701,5.65451,0
            -73.61706,5.65453,0
            -73.61707,5.65453,0
            -73.61723,5.65458,0
            -73.61726,5.6546,0
            -73.61739,5.65466,0
            -73.6174,5.65466,0
            -73.61747,5.65469,0
            -73.61764,5.65479,0
            -73.61772,5.65485,0
            -73.61793,5.65497,0
            -73.61834,5.65512,0
            -73.61868,5.65536,0
            -73.61873,5.65538,0
            -73.61881,5.65543,0
            -73.61882,5.65543,0
            -73.61901,5.65548,0
            -73.61906,5.6555,0
            -73.61953,5.65578,0
            -73.61955,5.6558,0
            -73.61994,5.65599,0
            -73.61995,5.65599,0
            -73.62002,5.65601,0
            -73.62003,5.65602,0
            -73.62043,5.65606,0
            -73.62056,5.65606,0
            -73.62063,5.65607,0
            -73.62072,5.65607,0
            -73.62074,5.65606,0
            -73.62095,5.65603,0
            -73.62128,5.65591,0
            -73.62134,5.65587,0
            -73.62142,5.65583,0
            -73.62142,5.65577,0
            -73.62121,5.65512,0
            -73.62103,5.65473,0
            -73.62103,5.65472,0
            -73.62101,5.65465,0
            -73.62101,5.65453,0
            -73.62096,5.65432,0
            -73.62086,5.65405,0
            -73.62081,5.65395,0
            -73.6207,5.65378,0
            -73.62069,5.65375,0
            -73.62069,5.65369,0
            -73.62084,5.6535,0
            -73.62087,5.65343,0
            -73.62087,5.65322,0
            -73.62088,5.65318,0
            -73.62125,5.65249,0
            -73.6215,5.65216,0
            -73.62158,5.65221,0
            -73.62164,5.65221,0
            -73.62192,5.65214,0
            -73.62211,5.65214,0
            -73.62226,5.65211,0
            -73.62258,5.65194,0
            -73.62269,5.65194,0
            -73.6227,5.65195,0
            -73.62275,5.65197,0
            -73.62275,5.65198,0
            -73.62277,5.65199,0
            -73.62278,5.65201,0
            -73.62279,5.65205,0
            -73.62281,5.65209,0
            -73.62287,5.65231,0
            -73.62293,5.65246,0
            -73.62323,5.6529,0
            -73.62343,5.65312,0
            -73.62356,5.65322,0
            -73.62378,5.65334,0
            -73.6242,5.65368,0
            -73.62433,5.65377,0
            -73.62454,5.65388,0
            -73.62469,5.65392,0
            -73.62485,5.65392,0
            -73.62504,5.6539,0
            -73.62507,5.65388,0
            -73.62508,5.65388,0
            -73.62527,5.6538,0
            -73.6254,5.65373,0
            -73.62544,5.6537,0
            -73.62559,5.65363,0
            -73.62621,5.65342,0
            -73.62624,5.6534,0
            -73.62626,5.65338,0
            -73.62639,5.6533,0
            -73.62642,5.65327,0
            -73.62646,5.65325,0
            -73.62654,5.65323,0
            -73.62665,5.65326,0
            -73.62674,5.6533,0
            -73.6268,5.65334,0
            -73.62686,5.6534,0
            -73.62689,5.65348,0
            -73.6269,5.65354,0
            -73.62691,5.65376,0
            -73.62692,5.65382,0
            -73.6269,5.65409,0
            -73.62672,5.65476,0
            -73.62628,5.65592,0
            -73.62623,5.65609,0
            -73.62623,5.65612,0
            -73.6261,5.65663,0
            -73.6261,5.65666,0
            -73.62612,5.65673,0
            -73.62615,5.65678,0
            -73.62615,5.65679,0
            -73.62621,5.65686,0
            -73.62627,5.6569,0
            -73.62629,5.6569,0
            -73.62639,5.65694,0
            -73.6265,5.65697,0
            -73.62659,5.65701,0
            -73.62676,5.65713,0
            -73.62689,5.65724,0
            -73.62691,5.65725,0
            -73.62696,5.65731,0
            -73.62709,5.65743,0
            -73.62719,5.6575,0
            -73.6272,5.6575,0
            -73.62755,5.65768,0
            -73.62765,5.65775,0
            -73.6277,5.6578,0
            -73.6277,5.65781,0
            -73.62771,5.65782,0
            -73.62771,5.65784,0
            -73.6277,5.65785,0
            -73.6277,5.65786,0
            -73.62767,5.65791,0
            -73.62745,5.65811,0
            -73.62744,5.65815,0
            -73.62743,5.65816,0
            -73.62735,5.65851,0
            -73.62734,5.65859,0
            -73.62718,5.65898,0
            -73.62716,5.65905,0
            -73.62712,5.65931,0
            -73.62712,5.65974,0
            -73.62713,5.65978,0
            -73.62713,5.66025,0
            -73.62714,5.66035,0
            -73.62717,5.66047,0
            -73.62726,5.66072,0
            -73.62729,5.66078,0
            -73.62729,5.66079,0
            -73.62731,5.66082,0
            -73.6274,5.66092,0
            -73.62757,5.66103,0
            -73.62794,5.66121,0
            -73.62804,5.66129,0
            -73.62813,5.66142,0
            -73.62821,5.66156,0
            -73.62822,5.66157,0
            -73.62826,5.66172,0
            -73.62826,5.66178,0
            -73.62825,5.66185,0
            -73.62817,5.66209,0
            -73.62809,5.66225,0
            -73.62808,5.66226,0
            -73.62802,5.66247,0
            -73.62802,5.66251,0
            -73.62813,5.66299,0
            -73.62814,5.66313,0
            -73.62812,5.66328,0
            -73.62809,5.66336,0
            -73.62803,5.66347,0
            -73.62772,5.66378,0
            -73.6277,5.66385,0
            -73.6277,5.6639,0
            -73.62773,5.66396,0
            -73.62775,5.66398,0
            -73.62787,5.66402,0
            -73.62856,5.66405,0
            -73.62863,5.66406,0
            -73.62868,5.66408,0
            -73.62871,5.66411,0
            -73.62873,5.66414,0
            -73.62874,5.66419,0
            -73.62874,5.66422,0
            -73.62871,5.66429,0
            -73.62866,5.66435,0
            -73.62848,5.66452,0
            -73.62848,5.66453,0
            -73.62827,5.66473,0
            -73.62823,5.66479,0
            -73.62808,5.66497,0
            -73.62806,5.66503,0
            -73.62806,5.66512,0
            -73.62809,5.66518,0
            -73.62815,5.66524,0
            -73.62832,5.66531,0
            -73.62894,5.66545,0
            -73.62938,5.66552,0
            -73.62948,5.66552,0
            -73.62956,5.66551,0
            -73.62963,5.66551,0
            -73.63033,5.66543,0
            -73.63064,5.66544,0
            -73.63091,5.66551,0
            -73.63095,5.66555,0
            -73.63097,5.66558,0
            -73.63097,5.6656,0
            -73.63098,5.66562,0
            -73.63096,5.66568,0
            -73.63094,5.66571,0
            -73.63078,5.66584,0
            -73.63077,5.66584,0
            -73.63062,5.66594,0
            -73.63061,5.66594,0
            -73.63025,5.66616,0
            -73.62966,5.66664,0
            -73.62961,5.66669,0
            -73.62927,5.66686,0
            -73.62922,5.66691,0
            -73.62913,5.6671,0
            -73.62911,5.66716,0
            -73.62908,5.66721,0
            -73.62905,5.6673,0
            -73.629,5.66738,0
            -73.62891,5.66746,0
            -73.62876,5.6675,0
            -73.62874,5.6675,0
            -73.62862,5.66754,0
            -73.62858,5.66757,0
            -73.62854,5.66759,0
            -73.62848,5.66766,0
            -73.62846,5.66772,0
            -73.62845,5.66779,0
            -73.62853,5.66826,0
            -73.62856,5.66833,0
            -73.6286,5.66839,0
            -73.62827,5.66869,0
            -73.62823,5.66874,0
            -73.62823,5.66876,0
            -73.628,5.66932,0
            -73.628,5.66936,0
            -73.62801,5.66942,0
            -73.62805,5.66944,0
            -73.62809,5.66945,0
            -73.62816,5.66945,0
            -73.62825,5.66943,0
            -73.62836,5.66944,0
            -73.6284,5.66946,0
            -73.62848,5.66952,0
            -73.62893,5.66997,0
            -73.62901,5.67008,0
            -73.62904,5.67015,0
            -73.62906,5.67022,0
            -73.62908,5.67036,0
            -73.62903,5.67064,0
            -73.6291,5.67092,0
            -73.62916,5.67126,0
            -73.62922,5.67149,0
            -73.62932,5.67169,0
            -73.62933,5.67175,0
            -73.62934,5.67177,0
            -73.62939,5.67183,0
            -73.62942,5.67189,0
            -73.62947,5.67203,0
            -73.62948,5.67215,0
            -73.62949,5.67216,0
            -73.62948,5.67243,0
            -73.62949,5.67247,0
            -73.62954,5.67255,0
            -73.62956,5.67257,0
            -73.62979,5.67263,0
            -73.62988,5.67268,0
            -73.62993,5.67273,0
            -73.62997,5.67281,0
            -73.62999,5.67293,0
            -73.63001,5.67325,0
            -73.62999,5.67354,0
            -73.63002,5.67363,0
            -73.63004,5.67367,0
            -73.63006,5.67369,0
            -73.6301,5.67375,0
            -73.63014,5.67383,0
            -73.6302,5.674,0
            -73.6303,5.67455,0
            -73.63035,5.67464,0
            -73.63041,5.67468,0
            -73.63045,5.67469,0
            -73.63052,5.67472,0
            -73.63065,5.67485,0
            -73.63077,5.67493,0
            -73.63081,5.67497,0
            -73.6309,5.67503,0
            -73.63093,5.67506,0
            -73.63103,5.67521,0
            -73.63115,5.67536,0
            -73.63121,5.67541,0
            -73.63131,5.67547,0
            -73.63136,5.67547,0
            -73.6314,5.67546,0
            -73.63147,5.67546,0
            -73.63152,5.67548,0
            -73.63172,5.6756,0
            -73.63187,5.67573,0
            -73.63192,5.67576,0
            -73.63243,5.67597,0
            -73.63247,5.676,0
            -73.6325,5.67601,0
            -73.63261,5.67608,0
            -73.63273,5.67611,0
            -73.63276,5.67613,0
            -73.63277,5.67613,0
            -73.6328,5.67614,0
            -73.63283,5.67616,0
            -73.63289,5.67623,0
            -73.63301,5.67632,0
            -73.63304,5.67633,0
            -73.63306,5.67633,0
            -73.63309,5.67634,0
            -73.63326,5.67634,0
            -73.63329,5.67633,0
            -73.63332,5.67633,0
            -73.6334,5.6763,0
            -73.63345,5.6763,0
            -73.63358,5.67635,0
            -73.63364,5.67639,0
            -73.63366,5.67641,0
            -73.63371,5.67643,0
            -73.63392,5.67648,0
            -73.63394,5.67648,0
            -73.63426,5.6766,0
            -73.63427,5.67661,0
            -73.63436,5.67666,0
            -73.63446,5.67673,0
            -73.6345,5.67675,0
            -73.63467,5.67688,0
            -73.63472,5.67693,0
            -73.63476,5.67694,0
            -73.63479,5.67696,0
            -73.63492,5.67699,0
            -73.63505,5.67705,0
            -73.63511,5.6771,0
            -73.63516,5.67716,0
            -73.63529,5.67727,0
            -73.63546,5.67731,0
            -73.63551,5.67731,0
            -73.63573,5.67728,0
            -73.63577,5.67728,0
            -73.63578,5.67729,0
            -73.6358,5.67729,0
            -73.63581,5.6773,0
            -73.63583,5.67731,0
            -73.63584,5.67731,0
            -73.63584,5.67732,0
            -73.63586,5.67734,0
            -73.63589,5.67741,0
            -73.63589,5.67744,0
            -73.6359,5.67748,0
            -73.6359,5.67754,0
            -73.63591,5.67756,0
            -73.63591,5.67758,0
            -73.63592,5.67759,0
            -73.63593,5.67762,0
            -73.63595,5.67764,0
            -73.63601,5.67774,0
            -73.63603,5.67776,0
            -73.6361,5.67781,0
            -73.63617,5.67784,0
            -73.6362,5.67784,0
            -73.63622,5.67785,0
            -73.63624,5.67784,0
            -73.63626,5.67784,0
            -73.63629,5.67783,0
            -73.63631,5.67783,0
            -73.6364,5.67779,0
            -73.63645,5.67779,0
            -73.63658,5.67777,0
            -73.63668,5.67777,0
            -73.63677,5.67778,0
            -73.63679,5.67777,0
            -73.63683,5.67777,0
            -73.63693,5.67774,0
            -73.63697,5.6777,0
            -73.63701,5.67764,0
            -73.63703,5.67759,0
            -73.63704,5.67752,0
            -73.63705,5.67751,0
            -73.63705,5.67747,0
            -73.63707,5.67742,0
            -73.63707,5.67741,0
            -73.63708,5.6774,0
            -73.63713,5.67732,0
            -73.63714,5.67728,0
            -73.63714,5.6772,0
            -73.63707,5.67703,0
            -73.63705,5.67691,0
            -73.63706,5.67672,0
            -73.63707,5.67669,0
            -73.63707,5.67667,0
            -73.6371,5.67664,0
            -73.63736,5.67664,0
            -73.63737,5.67663,0
            -73.63739,5.67663,0
            -73.63741,5.67662,0
            -73.63743,5.67662,0
            -73.63745,5.67661,0
            -73.63746,5.6766,0
            -73.6375,5.67658,0
            -73.63754,5.67658,0
            -73.63757,5.67657,0
            -73.63776,5.67656,0
            -73.63787,5.67654,0
            -73.63789,5.67653,0
            -73.63791,5.67653,0
            -73.63793,5.67651,0
            -73.63796,5.6765,0
            -73.63799,5.67648,0
            -73.63804,5.67647,0
            -73.63806,5.67646,0
            -73.63811,5.67646,0
            -73.63816,5.67648,0
            -73.63817,5.6765,0
            -73.63823,5.67656,0
            -73.63824,5.67658,0
            -73.63826,5.6766,0
            -73.63827,5.67663,0
            -73.63829,5.67665,0
            -73.6383,5.67667,0
            -73.63834,5.67669,0
            -73.63842,5.67669,0
            -73.63849,5.67666,0
            -73.63851,5.67668,0
            -73.63852,5.6767,0
            -73.63854,5.67672,0
            -73.63856,5.67673,0
            -73.63915,5.6769,0
            -73.6392,5.67693,0
            -73.63951,5.67721,0
            -73.63962,5.67736,0
            -73.63966,5.67746,0
            -73.6397,5.67773,0
            -73.63973,5.67779,0
            -73.63974,5.6778,0
            -73.63975,5.6778,0
            -73.63977,5.67781,0
            -73.63978,5.6778,0
            -73.6398,5.6778,0
            -73.63984,5.67778,0
            -73.63985,5.67777,0
            -73.63989,5.67768,0
            -73.63995,5.67734,0
            -73.63994,5.67705,0
            -73.63995,5.67699,0
            -73.63997,5.67696,0
            -73.64,5.67693,0
            -73.64008,5.67688,0
            -73.64009,5.67688,0
            -73.64014,5.67686,0
            -73.6402,5.67685,0
            -73.64026,5.67685,0
            -73.64049,5.6769,0
            -73.64061,5.6769,0
            -73.64081,5.67685,0
            -73.64094,5.67683,0
            -73.64126,5.67684,0
            -73.6415,5.6769,0
            -73.64158,5.67691,0
            -73.64168,5.6769,0
            -73.6418,5.67686,0
            -73.64187,5.67686,0
            -73.64197,5.67688,0
            -73.64202,5.6769,0
            -73.64209,5.67697,0
            -73.64218,5.67712,0
            -73.64221,5.67715,0
            -73.64226,5.67718,0
            -73.6423,5.67719,0
            -73.64249,5.67727,0
            -73.64258,5.67733,0
            -73.64276,5.67749,0
            -73.64276,5.6775,0
            -73.64281,5.67758,0
            -73.64281,5.67761,0
            -73.64282,5.67764,0
            -73.64282,5.67767,0
            -73.64278,5.67783,0
            -73.64278,5.67785,0
            -73.64277,5.67786,0
            -73.64273,5.67797,0
            -73.64269,5.67813,0
            -73.64266,5.6782,0
            -73.64263,5.67824,0
            -73.64248,5.67835,0
            -73.64246,5.67839,0
            -73.64246,5.67847,0
            -73.64247,5.67853,0
            -73.64249,5.67858,0
            -73.64256,5.67866,0
            -73.64261,5.67869,0
            -73.64282,5.67875,0
            -73.64301,5.67878,0
            -73.64318,5.67878,0
            -73.64326,5.67879,0
            -73.64333,5.67883,0
            -73.64335,5.67885,0
            -73.64347,5.67922,0
            -73.64348,5.67927,0
            -73.64352,5.67937,0
            -73.64355,5.6794,0
            -73.64357,5.67941,0
            -73.64365,5.67941,0
            -73.64369,5.67939,0
            -73.64373,5.67936,0
            -73.64382,5.67925,0
            -73.64386,5.67922,0
            -73.64393,5.6792,0
            -73.64397,5.6792,0
            -73.64402,5.67921,0
            -73.64413,5.67927,0
            -73.64417,5.67931,0
            -73.64419,5.67935,0
            -73.64419,5.67938,0
            -73.64416,5.67949,0
            -73.64414,5.67952,0
            -73.64407,5.67968,0
            -73.64407,5.67974,0
            -73.64408,5.67976,0
            -73.64409,5.67977,0
            -73.64409,5.67978,0
            -73.6441,5.67978,0
            -73.64412,5.67979,0
            -73.64413,5.6798,0
            -73.64415,5.67981,0
            -73.64418,5.67981,0
            -73.64425,5.67978,0
            -73.64427,5.67978,0
            -73.64431,5.67976,0
            -73.64436,5.67972,0
            -73.64443,5.67968,0
            -73.64456,5.67965,0
            -73.64458,5.67965,0
            -73.64472,5.67969,0
            -73.64475,5.67971,0
            -73.64488,5.67976,0
            -73.64504,5.67979,0
            -73.6453,5.67976,0
            -73.64559,5.67958,0
            -73.64563,5.67954,0
            -73.64574,5.67949,0
            -73.64606,5.67931,0
            -73.64633,5.67909,0
            -73.64655,5.67888,0
            -73.64691,5.67866,0
            -73.64693,5.67864,0
            -73.64699,5.67861,0
            -73.6471,5.67861,0
            -73.64715,5.67863,0
            -73.64724,5.67869,0
            -73.64729,5.67878,0
            -73.6473,5.67884,0
            -73.64731,5.67886,0
            -73.64732,5.67894,0
            -73.64738,5.67911,0
            -73.64741,5.67915,0
            -73.64746,5.6792,0
            -73.64759,5.67929,0
            -73.64769,5.67938,0
            -73.64773,5.67944,0
            -73.64773,5.6795,0
            -73.64771,5.67957,0
            -73.6477,5.67959,0
            -73.64769,5.67959,0
            -73.64765,5.67963,0
            -73.6476,5.67965,0
            -73.64753,5.67965,0
            -73.64747,5.67963,0
            -73.64722,5.67948,0
            -73.64712,5.6794,0
            -73.64707,5.67937,0
            -73.64706,5.67937,0
            -73.64701,5.67935,0
            -73.64697,5.67935,0
            -73.64693,5.67936,0
            -73.64691,5.67938,0
            -73.64688,5.67943,0
            -73.64688,5.6795,0
            -73.64689,5.67954,0
            -73.6469,5.67955,0
            -73.64691,5.67958,0
            -73.64693,5.67961,0
            -73.64704,5.67971,0
            -73.64722,5.6798,0
            -73.64734,5.67984,0
            -73.64735,5.67985,0
            -73.6477,5.67992,0
            -73.64772,5.67993,0
            -73.64777,5.67998,0
            -73.64779,5.68002,0
            -73.6478,5.68007,0
            -73.64779,5.68012,0
            -73.64778,5.68014,0
            -73.64776,5.68016,0
            -73.64772,5.68018,0
            -73.64734,5.68024,0
            -73.64724,5.68027,0
            -73.64705,5.68038,0
            -73.64702,5.68039,0
            -73.64693,5.68044,0
            -73.64683,5.68048,0
            -73.64668,5.68051,0
            -73.64663,5.68051,0
            -73.64656,5.68052,0
            -73.64648,5.68055,0
            -73.64645,5.68057,0
            -73.64643,5.68059,0
            -73.64642,5.68062,0
            -73.64613,5.68115,0
            -73.64612,5.68119,0
            -73.64613,5.68123,0
            -73.64613,5.68127,0
            -73.64615,5.68132,0
            -73.64625,5.68144,0
            -73.64629,5.68147,0
            -73.6463,5.68147,0
            -73.64635,5.68149,0
            -73.64645,5.68149,0
            -73.64651,5.68148,0
            -73.64699,5.68149,0
            -73.64719,5.68146,0
            -73.64746,5.68138,0
            -73.6475,5.68136,0
            -73.6476,5.68136,0
            -73.64762,5.68137,0
            -73.64764,5.68139,0
            -73.64766,5.6814,0
            -73.64773,5.68147,0
            -73.64775,5.6815,0
            -73.6478,5.68155,0
            -73.64786,5.68159,0
            -73.64799,5.68164,0
            -73.64826,5.68179,0
            -73.64831,5.68184,0
            -73.64833,5.68187,0
            -73.64835,5.68193,0
            -73.64843,5.68208,0
            -73.64848,5.68213,0
            -73.64862,5.68222,0
            -73.64867,5.68224,0
            -73.64872,5.68227,0
            -73.64881,5.68229,0
            -73.64885,5.68231,0
            -73.6489,5.68232,0
            -73.64899,5.68236,0
            -73.64903,5.68237,0
            -73.64909,5.68241,0
            -73.64913,5.68245,0
            -73.64915,5.68249,0
            -73.6492,5.68255,0
            -73.64935,5.6828,0
            -73.64946,5.68291,0
            -73.64951,5.68294,0
            -73.64955,5.68295,0
            -73.64956,5.68296,0
            -73.64972,5.68302,0
            -73.64979,5.68303,0
            -73.64992,5.68308,0
            -73.64998,5.68312,0
            -73.65004,5.68318,0
            -73.65011,5.68327,0
            -73.65014,5.68329,0
            -73.65017,5.68332,0
            -73.65024,5.68334,0
            -73.65026,5.68334,0
            -73.65029,5.68332,0
            -73.65032,5.68331,0
            -73.65033,5.6833,0
            -73.65035,5.6833,0
            -73.65035,5.68329,0
            -73.65044,5.68326,0
            -73.65067,5.68327,0
            -73.65068,5.68328,0
            -73.65099,5.68328,0
            -73.65112,5.6833,0
            -73.65119,5.68334,0
            -73.65122,5.6834,0
            -73.65131,5.68381,0
            -73.65133,5.68386,0
            -73.65133,5.68388,0
            -73.65134,5.68391,0
            -73.65138,5.68397,0
            -73.65143,5.68399,0
            -73.65146,5.68399,0
            -73.65151,5.68398,0
            -73.65156,5.68396,0
            -73.65162,5.68392,0
            -73.65171,5.68384,0
            -73.6518,5.68374,0
            -73.65194,5.68354,0
            -73.65196,5.68346,0
            -73.65197,5.68328,0
            -73.65196,5.68324,0
            -73.65196,5.68313,0
            -73.65197,5.68309,0
            -73.65198,5.68307,0
            -73.65204,5.68301,0
            -73.65216,5.683,0
            -73.65233,5.68303,0
            -73.65241,5.68301,0
            -73.6525,5.68296,0
            -73.65265,5.68285,0
            -73.65279,5.68279,0
            -73.65314,5.68285,0
            -73.65331,5.68293,0
            -73.65345,5.68298,0
            -73.6537,5.68303,0
            -73.6539,5.68302,0
            -73.6541,5.68297,0
            -73.65428,5.68288,0
            -73.65452,5.6828,0
            -73.65476,5.68276,0
            -73.65578,5.68246,0
            -73.65586,5.68242,0
            -73.65623,5.68214,0
            -73.65711,5.68154,0
            -73.65718,5.68152,0
            -73.65728,5.68153,0
            -73.6577,5.68174,0
            -73.65771,5.68178,0
            -73.6577,5.68183,0
            -73.65768,5.68186,0
            -73.65765,5.68189,0
            -73.65739,5.68206,0
            -73.65721,5.68215,0
            -73.65719,5.68218,0
            -73.65717,5.68219,0
            -73.65716,5.6822,0
            -73.65715,5.68222,0
            -73.65715,5.68229,0
            -73.65716,5.68234,0
            -73.65729,5.6826,0
            -73.65732,5.6827,0
            -73.65735,5.68286,0
            -73.65742,5.68305,0
            -73.65745,5.68309,0
            -73.65767,5.6833,0
            -73.65775,5.68335,0
            -73.6578,5.68336,0
            -73.65783,5.68338,0
            -73.6579,5.68339,0
            -73.65804,5.68339,0
            -73.65815,5.68337,0
            -73.65825,5.68337,0
            -73.65834,5.68338,0
            -73.65837,5.68339,0
            -73.65934,5.68354,0
            -73.65954,5.68354,0
            -73.65973,5.68352,0
            -73.6598,5.68349,0
            -73.65996,5.68345,0
            -73.66011,5.68337,0
            -73.66063,5.68318,0
            -73.66076,5.68316,0
            -73.66085,5.68316,0
            -73.66096,5.6832,0
            -73.66111,5.68333,0
            -73.66112,5.68335,0
            -73.66116,5.6834,0
            -73.6612,5.68347,0
            -73.66132,5.68382,0
            -73.66134,5.68384,0
            -73.66136,5.68388,0
            -73.66138,5.68389,0
            -73.66139,5.6839,0
            -73.66143,5.6839,0
            -73.66151,5.68388,0
            -73.66179,5.68369,0
            -73.66186,5.68366,0
            -73.66192,5.68366,0
            -73.66194,5.68367,0
            -73.66196,5.68369,0
            -73.66199,5.68375,0
            -73.66199,5.68389,0
            -73.66186,5.68438,0
            -73.66177,5.68456,0
            -73.66173,5.68462,0
            -73.66167,5.68474,0
            -73.66163,5.68479,0
            -73.66162,5.68482,0
            -73.6616,5.68484,0
            -73.66157,5.68486,0
            -73.66155,5.68488,0
            -73.66147,5.68493,0
            -73.66135,5.68503,0
            -73.66121,5.68518,0
            -73.66114,5.68524,0
            -73.66108,5.68528,0
            -73.66081,5.68557,0
            -73.66072,5.68564,0
            -73.66054,5.68586,0
            -73.66044,5.68602,0
            -73.66038,5.68614,0
            -73.66036,5.68622,0
            -73.66034,5.68625,0
            -73.66032,5.6863,0
            -73.6603,5.68632,0
            -73.66029,5.68634,0
            -73.66027,5.68635,0
            -73.66024,5.68638,0
            -73.66023,5.68638,0
            -73.66012,5.6865,0
            -73.66008,5.68656,0
            -73.65991,5.68674,0
            -73.65988,5.68676,0
            -73.65974,5.68681,0
            -73.65973,5.68682,0
            -73.6597,5.68683,0
            -73.65963,5.6869,0
            -73.6595,5.68712,0
            -73.65949,5.68713,0
            -73.65942,5.68724,0
            -73.65922,5.68745,0
            -73.65915,5.68754,0
            -73.65902,5.68767,0
            -73.659,5.6877,0
            -73.65897,5.68772,0
            -73.65893,5.68781,0
            -73.6588,5.688,0
            -73.65836,5.68851,0
            -73.65833,5.68853,0
            -73.65812,5.6888,0
            -73.65808,5.68887,0
            -73.65801,5.68903,0
            -73.65796,5.6891,0
            -73.65784,5.68922,0
            -73.65782,5.68925,0
            -73.6578,5.68927,0
            -73.65775,5.68937,0
            -73.65773,5.68944,0
            -73.65768,5.68953,0
            -73.65751,5.6897,0
            -73.65742,5.68982,0
            -73.65742,5.68983,0
            -73.65722,5.6901,0
            -73.65722,5.69012,0
            -73.65721,5.69013,0
            -73.6572,5.69016,0
            -73.6572,5.69019,0
            -73.65719,5.69023,0
            -73.65719,5.69039,0
            -73.65718,5.69043,0
            -73.65718,5.69045,0
            -73.65717,5.69049,0
            -73.65705,5.6907,0
            -73.65694,5.69098,0
            -73.65693,5.69103,0
            -73.65693,5.69123,0
            -73.65692,5.69125,0
            -73.65692,5.69127,0
            -73.65687,5.69132,0
            -73.65682,5.69135,0
            -73.65679,5.69136,0
            -73.65678,5.69136,0
            -73.65673,5.69138,0
            -73.65671,5.6914,0
            -73.65669,5.69143,0
            -73.65667,5.69145,0
            -73.65667,5.69147,0
            -73.65666,5.69148,0
            -73.65666,5.69159,0
            -73.65668,5.69166,0
            -73.65675,5.69175,0
            -73.65705,5.69204,0
            -73.65719,5.69215,0
            -73.6572,5.69215,0
            -73.65724,5.69218,0
            -73.6577,5.69235,0
            -73.65786,5.69243,0
            -73.65802,5.6924,0
            -73.65812,5.69236,0
            -73.65858,5.69209,0
            -73.65866,5.69202,0
            -73.65867,5.69202,0
            -73.65891,5.69176,0
            -73.65894,5.69174,0
            -73.65927,5.69135,0
            -73.65989,5.69074,0
            -73.66024,5.69049,0
            -73.66032,5.69045,0
            -73.66043,5.69042,0
            -73.66045,5.69042,0
            -73.6605,5.69039,0
            -73.66053,5.69036,0
            -73.66054,5.69034,0
            -73.66057,5.69022,0
            -73.66057,5.69015,0
            -73.66056,5.69011,0
            -73.66056,5.69007,0
            -73.66054,5.69001,0
            -73.66053,5.68993,0
            -73.66053,5.68984,0
            -73.66055,5.68975,0
            -73.66057,5.68971,0
            -73.66059,5.68963,0
            -73.66078,5.68922,0
            -73.66083,5.68914,0
            -73.66085,5.68913,0
            -73.6609,5.68908,0
            -73.6612,5.68886,0
            -73.66127,5.68877,0
            -73.66144,5.68832,0
            -73.66205,5.68719,0
            -73.66223,5.68692,0
            -73.66331,5.6856,0
            -73.66338,5.68546,0
            -73.66341,5.68526,0
            -73.6634,5.68519,0
            -73.66338,5.68512,0
            -73.66329,5.68492,0
            -73.66326,5.68482,0
            -73.66326,5.68476,0
            -73.66327,5.6847,0
            -73.6633,5.68464,0
            -73.66333,5.68461,0
            -73.66346,5.68452,0
            -73.66359,5.68445,0
            -73.66386,5.68435,0
            -73.66399,5.68424,0
            -73.66404,5.68421,0
            -73.66414,5.68404,0
            -73.66441,5.68328,0
            -73.66442,5.68328,0
            -73.66451,5.68307,0
            -73.66459,5.68294,0
            -73.66466,5.68285,0
            -73.66486,5.68266,0
            -73.66501,5.68242,0
            -73.66505,5.68238,0
            -73.66514,5.68226,0
            -73.6652,5.68221,0
            -73.66543,5.68197,0
            -73.66562,5.68174,0
            -73.66573,5.68163,0
            -73.6658,5.68158,0
            -73.66592,5.68153,0
            -73.66654,5.68109,0
            -73.66684,5.68081,0
            -73.66686,5.68076,0
            -73.66688,5.68073,0
            -73.66688,5.68072,0
            -73.66691,5.68061,0
            -73.66698,5.68044,0
            -73.66707,5.68032,0
            -73.66753,5.6798,0
            -73.66762,5.67972,0
            -73.66835,5.6792,0
            -73.66841,5.67914,0
            -73.66849,5.67904,0
            -73.66854,5.67896,0
            -73.66862,5.67878,0
            -73.66862,5.67877,0
            -73.66868,5.67855,0
            -73.6687,5.6785,0
            -73.66879,5.67838,0
            -73.66882,5.67837,0
            -73.66903,5.67823,0
            -73.66938,5.67789,0
            -73.66942,5.67784,0
            -73.66947,5.67775,0
            -73.66953,5.67752,0
            -73.66955,5.67748,0
            -73.66957,5.67746,0
            -73.66963,5.67743,0
            -73.66973,5.67743,0
            -73.66974,5.67744,0
            -73.66977,5.67744,0
            -73.66997,5.67749,0
            -73.67006,5.67749,0
            -73.67012,5.67748,0
            -73.6702,5.67745,0
            -73.67021,5.67745,0
            -73.67038,5.67738,0
            -73.67069,5.6772,0
            -73.67073,5.67719,0
            -73.67075,5.67717,0
            -73.67113,5.67692,0
            -73.67122,5.67685,0
            -73.67128,5.67679,0
            -73.6713,5.67676,0
            -73.67133,5.67673,0
            -73.67135,5.67668,0
            -73.67136,5.67662,0
            -73.67136,5.67638,0
            -73.67139,5.6762,0
            -73.67143,5.6761,0
            -73.67155,5.67597,0
            -73.67181,5.67579,0
            -73.6719,5.67571,0
            -73.672,5.67564,0
            -73.67204,5.67562,0
            -73.67205,5.67562,0
            -73.67208,5.6756,0
            -73.67212,5.67559,0
            -73.67215,5.67559,0
            -73.67218,5.67558,0
            -73.67221,5.67558,0
            -73.67224,5.67559,0
            -73.67228,5.67559,0
            -73.67239,5.67565,0
            -73.67247,5.67572,0
            -73.67251,5.67577,0
            -73.67256,5.67581,0
            -73.67258,5.67584,0
            -73.6726,5.67585,0
            -73.67265,5.67586,0
            -73.67271,5.67586,0
            -73.6729,5.6758,0
            -73.67296,5.67577,0
            -73.67307,5.67569,0
            -73.67314,5.67562,0
            -73.67329,5.67551,0
            -73.6735,5.67538,0
            -73.67363,5.67526,0
            -73.67381,5.67504,0
            -73.67381,5.67503,0
            -73.67408,5.67476,0
            -73.67421,5.67467,0
            -73.6745,5.67453,0
            -73.67454,5.67452,0
            -73.6746,5.67449,0
            -73.6747,5.67446,0
            -73.67471,5.67446,0
            -73.67484,5.67442,0
            -73.67487,5.67439,0
            -73.67488,5.67439,0
            -73.6749,5.67437,0
            -73.67544,5.67351,0
            -73.67546,5.6735,0
            -73.67547,5.6735,0
            -73.67548,5.67349,0
            -73.67551,5.67349,0
            -73.67553,5.6735,0
            -73.67556,5.6735,0
            -73.67581,5.6736,0
            -73.67586,5.67363,0
            -73.67629,5.67381,0
            -73.67648,5.67387,0
            -73.67649,5.67388,0
            -73.67701,5.6741,0
            -73.67731,5.67419,0
            -73.67732,5.67419,0
            -73.67757,5.67435,0
            -73.67759,5.67437,0
            -73.67761,5.67441,0
            -73.67761,5.67444,0
            -73.67748,5.67478,0
            -73.67748,5.67482,0
            -73.67747,5.67486,0
            -73.67747,5.67493,0
            -73.6775,5.67518,0
            -73.67758,5.67545,0
            -73.67766,5.67563,0
            -73.67769,5.67566,0
            -73.67771,5.67569,0
            -73.67775,5.67573,0
            -73.67803,5.67591,0
            -73.67815,5.67602,0
            -73.67828,5.67611,0
            -73.67898,5.6764,0
            -73.6791,5.67647,0
            -73.67919,5.67651,0
            -73.67924,5.67655,0
            -73.67932,5.67664,0
            -73.67936,5.67671,0
            -73.67946,5.67696,0
            -73.6795,5.67703,0
            -73.67952,5.67705,0
            -73.67954,5.67708,0
            -73.67957,5.67711,0
            -73.67959,5.67712,0
            -73.6797,5.67722,0
            -73.6797,5.67723,0
            -73.67981,5.67734,0
            -73.67984,5.6774,0
            -73.67987,5.67744,0
            -73.67996,5.67762,0
            -73.67997,5.67767,0
            -73.68009,5.67798,0
            -73.68018,5.67816,0
            -73.6802,5.67824,0
            -73.68024,5.67834,0
            -73.68048,5.67863,0
            -73.68067,5.67883,0
            -73.68102,5.67926,0
            -73.68129,5.67965,0
            -73.68136,5.67972,0
            -73.6814,5.67973,0
            -73.68143,5.67975,0
            -73.68148,5.67975,0
            -73.68151,5.67973,0
            -73.68155,5.67968,0
            -73.68171,5.67937,0
            -73.68181,5.67921,0
            -73.68233,5.67863,0
            -73.68242,5.67848,0
            -73.68243,5.67844,0
            -73.68245,5.6784,0
            -73.68259,5.67788,0
            -73.68286,5.67723,0
            -73.68293,5.67716,0
            -73.68296,5.67714,0
            -73.68298,5.67714,0
            -73.68301,5.67713,0
            -73.68307,5.67714,0
            -73.68309,5.67715,0
            -73.68311,5.67717,0
            -73.68313,5.6772,0
            -73.68313,5.67721,0
            -73.68316,5.67724,0
            -73.68372,5.67865,0
            -73.68375,5.67867,0
            -73.68377,5.67869,0
            -73.68381,5.67871,0
            -73.68385,5.67871,0
            -73.68391,5.67872,0
            -73.68428,5.67865,0
            -73.68434,5.67863,0
            -73.68484,5.67834,0
            -73.68492,5.67832,0
            -73.68494,5.67833,0
            -73.68497,5.67833,0
            -73.68506,5.67836,0
            -73.68515,5.67845,0
            -73.68523,5.67859,0
            -73.68553,5.67924,0
            -73.6856,5.67935,0
            -73.6856,5.67921,0
            -73.68561,5.67912,0
            -73.68561,5.67902,0
            -73.68551,5.67833,0
            -73.68543,5.67806,0
            -73.68531,5.67778,0
            -73.6852,5.67758,0
            -73.68515,5.67751,0
            -73.68512,5.67745,0
            -73.6851,5.67738,0
            -73.68508,5.67734,0
            -73.68506,5.67727,0
            -73.68506,5.67722,0
            -73.68505,5.67718,0
            -73.68505,5.67706,0
            -73.68507,5.67689,0
            -73.68507,5.67673,0
            -73.68505,5.67666,0
            -73.68502,5.67659,0
            -73.68479,5.67621,0
            -73.68476,5.6761,0
            -73.68476,5.67571,0
            -73.68475,5.67566,0
            -73.68475,5.67561,0
            -73.68474,5.67558,0
            -73.68526,5.67508,0
            -73.68551,5.6748,0
            -73.68556,5.67476,0
            -73.6856,5.6747,0
            -73.68563,5.67467,0
            -73.6857,5.67455,0
            -73.68571,5.67452,0
            -73.68574,5.67448,0
            -73.68576,5.67444,0
            -73.68578,5.67443,0
            -73.6858,5.67441,0
            -73.68583,5.6744,0
            -73.68584,5.6744,0
            -73.68588,5.67438,0
            -73.68595,5.67436,0
            -73.68609,5.6743,0
            -73.68622,5.67422,0
            -73.68625,5.67419,0
            -73.68627,5.67416,0
            -73.68638,5.67405,0
            -73.68648,5.67398,0
            -73.68653,5.67397,0
            -73.68664,5.67398,0
            -73.68708,5.6741,0
            -73.68712,5.67412,0
            -73.68713,5.67412,0
            -73.68721,5.67415,0
            -73.68733,5.67416,0
            -73.68736,5.67417,0
            -73.68752,5.67417,0
            -73.68767,5.6742,0
            -73.6882,5.67419,0
            -73.6882,5.67418,0
            -73.68827,5.67418,0
            -73.68888,5.67407,0
            -73.68902,5.67407,0
            -73.68922,5.67411,0
            -73.68949,5.67412,0
            -73.68978,5.67411,0
            -73.6898,5.67414,0
            -73.68988,5.67398,0
            -73.6899,5.67392,0
            -73.69003,5.6737,0
            -73.69033,5.67312,0
            -73.69035,5.6731,0
            -73.69037,5.67306,0
            -73.69037,5.67299,0
            -73.69038,5.67298,0
            -73.69038,5.67296,0
            -73.6904,5.67294,0
            -73.69043,5.67288,0
            -73.69044,5.67287,0
            -73.69045,5.67283,0
            -73.69047,5.6728,0
            -73.69047,5.67277,0
            -73.69048,5.67275,0
            -73.69048,5.67269,0
            -73.69051,5.67245,0
            -73.69053,5.6724,0
            -73.69053,5.67238,0
            -73.69055,5.67236,0
            -73.69056,5.67232,0
            -73.69057,5.67231,0
            -73.69057,5.67203,0
            -73.69056,5.67201,0
            -73.69056,5.67198,0
            -73.69053,5.67192,0
            -73.69042,5.67154,0
            -73.69042,5.67148,0
            -73.69041,5.67146,0
            -73.69041,5.67141,0
            -73.69044,5.67127,0
            -73.69046,5.67123,0
            -73.69047,5.67119,0
            -73.69049,5.67115,0
            -73.69049,5.67114,0
            -73.69051,5.6711,0
            -73.69063,5.67069,0
            -73.69066,5.67062,0
            -73.69078,5.67045,0
            -73.69093,5.67016,0
            -73.6912,5.67016,0
            -73.69129,5.67019,0
            -73.69132,5.67019,0
            -73.69157,5.67031,0
            -73.69163,5.67035,0
            -73.69177,5.67047,0
            -73.69186,5.67036,0
            -73.69199,5.66997,0
            -73.69207,5.66984,0
            -73.69231,5.66929,0
            -73.69237,5.66919,0
            -73.69237,5.66918,0
            -73.69262,5.66869,0
            -73.69268,5.66849,0
            -73.69279,5.66829,0
            -73.69285,5.66823,0
            -73.69286,5.66823,0
            -73.69289,5.66819,0
            -73.69303,5.6681,0
            -73.69369,5.66758,0
            -73.69424,5.66689,0
            -73.69429,5.66684,0
            -73.69444,5.66673,0
            -73.69457,5.66668,0
            -73.69469,5.66668,0
            -73.69472,5.66669,0
            -73.69476,5.66669,0
            -73.69487,5.66672,0
            -73.69497,5.66672,0
            -73.695,5.66673,0
            -73.69505,5.66676,0
            -73.69508,5.66677,0
            -73.6951,5.66679,0
            -73.69514,5.66675,0
            -73.69518,5.66673,0
            -73.69519,5.66671,0
            -73.6952,5.6667,0
            -73.6952,5.66669,0
            -73.69521,5.66667,0
            -73.69521,5.66663,0
            -73.69515,5.6665,0
            -73.69515,5.6664,0
            -73.69517,5.66622,0
            -73.69516,5.66613,0
            -73.69516,5.66601,0
            -73.69525,5.66607,0
            -73.69532,5.66609,0
            -73.69568,5.66612,0
            -73.69579,5.66612,0
            -73.69596,5.66609,0
            -73.69599,5.66609,0
            -73.69602,5.66608,0
            -73.69608,5.66608,0
            -73.69612,5.66609,0
            -73.69616,5.66609,0
            -73.69625,5.66612,0
            -73.69644,5.66616,0
            -73.69652,5.66616,0
            -73.69662,5.66618,0
            -73.69665,5.66618,0
            -73.69674,5.6662,0
            -73.6968,5.66623,0
            -73.69684,5.66624,0
            -73.69706,5.66635,0
            -73.69712,5.66635,0
            -73.69713,5.66634,0
            -73.69714,5.66634,0
            -73.69715,5.66633,0
            -73.69718,5.66632,0
            -73.69722,5.66629,0
            -73.69733,5.66624,0
            -73.69736,5.66622,0
            -73.69743,5.66614,0
            -73.69744,5.66612,0
            -73.69746,5.6661,0
            -73.69749,5.66604,0
            -73.69752,5.666,0
            -73.69848,5.66517,0
            -73.69873,5.66566,0
            -73.69887,5.66584,0
            -73.69926,5.66642,0
            -73.69954,5.66692,0
            -73.69994,5.66666,0
            -73.70007,5.66656,0
            -73.70052,5.66626,0
            -73.70063,5.66614,0
            -73.7007,5.66601,0
            -73.70077,5.66579,0
            -73.70078,5.66578,0
            -73.7008,5.66574,0
            -73.70082,5.66572,0
            -73.70083,5.6657,0
            -73.70086,5.66569,0
            -73.70116,5.66552,0
            -73.70121,5.6655,0
            -73.70189,5.66509,0
            -73.70192,5.66508,0
            -73.70193,5.66508,0
            -73.70196,5.66507,0
            -73.70201,5.66507,0
            -73.70229,5.66516,0
            -73.70236,5.66517,0
            -73.70246,5.6652,0
            -73.70257,5.6652,0
            -73.70267,5.66516,0
            -73.7027,5.66514,0
            -73.70275,5.66509,0
            -73.70279,5.66503,0
            -73.7028,5.665,0
            -73.70299,5.66467,0
            -73.70303,5.66456,0
            -73.70307,5.66439,0
            -73.70307,5.66427,0
            -73.70305,5.66423,0
            -73.70299,5.66416,0
            -73.70298,5.66413,0
            -73.70298,5.6641,0
            -73.70297,5.66407,0
            -73.70297,5.66401,0
            -73.70298,5.66399,0
            -73.70298,5.66397,0
            -73.70299,5.66393,0
            -73.703,5.66391,0
            -73.70302,5.66389,0
            -73.70304,5.66385,0
            -73.70304,5.66384,0
            -73.70318,5.66358,0
            -73.70397,5.6619,0
            -73.7041,5.66158,0
            -73.70453,5.66071,0
            -73.70461,5.66052,0
            -73.70462,5.66048,0
            -73.70469,5.66036,0
            -73.7047,5.66036,0
            -73.70472,5.66035,0
            -73.70482,5.66034,0
            -73.70508,5.66034,0
            -73.70513,5.66033,0
            -73.70516,5.6603,0
            -73.70518,5.66029,0
            -73.70522,5.66015,0
            -73.70525,5.65997,0
            -73.70526,5.65994,0
            -73.70529,5.65903,0
            -73.70524,5.6587,0
            -73.70523,5.65851,0
            -73.70527,5.65836,0
            -73.70528,5.65822,0
            -73.70527,5.65818,0
            -73.7052,5.65755,0
            -73.70522,5.65729,0
            -73.70524,5.6572,0
            -73.70548,5.65676,0
            -73.70558,5.65647,0
            -73.70581,5.65606,0
            -73.70599,5.65579,0
            -73.70614,5.65583,0
            -73.70646,5.65601,0
            -73.70656,5.65604,0
            -73.70672,5.65606,0
            -73.70731,5.65606,0
            -73.70738,5.65607,0
            -73.70746,5.6561,0
            -73.70753,5.65615,0
            -73.70763,5.65624,0
            -73.7077,5.65628,0
            -73.7078,5.65632,0
            -73.70797,5.65632,0
            -73.70807,5.65634,0
            -73.70813,5.65637,0
            -73.70825,5.65646,0
            -73.70843,5.65669,0
            -73.70855,5.6568,0
            -73.70876,5.65694,0
            -73.70889,5.65701,0
            -73.70947,5.65716,0
            -73.71,5.65726,0
            -73.71051,5.65746,0
            -73.7108,5.65767,0
            -73.7111,5.65786,0
            -73.71111,5.65787,0
            -73.71118,5.65791,0
            -73.71163,5.65861,0
            -73.71183,5.6588,0
            -73.71205,5.65906,0
            -73.71215,5.65924,0
            -73.71223,5.65933,0
            -73.71262,5.65969,0
            -73.71279,5.65978,0
            -73.71287,5.65985,0
            -73.71328,5.66037,0
            -73.71387,5.66119,0
            -73.71429,5.66183,0
            -73.71438,5.66194,0
            -73.71443,5.66204,0
            -73.71447,5.66215,0
            -73.71447,5.66217,0
            -73.71471,5.66269,0
            -73.71477,5.66278,0
            -73.71485,5.66287,0
            -73.71549,5.66319,0
            -73.71568,5.66332,0
            -73.71601,5.6637,0
            -73.71604,5.66371,0
            -73.71605,5.66372,0
            -73.71622,5.66375,0
            -73.71632,5.66379,0
            -73.71643,5.66385,0
            -73.71711,5.66432,0
            -73.71739,5.66455,0
            -73.71743,5.66457,0
            -73.71755,5.66461,0
            -73.71794,5.66467,0
            -73.71799,5.66469,0
            -73.71816,5.6648,0
            -73.71829,5.66483,0
            -73.71838,5.66484,0
            -73.71848,5.66484,0
            -73.71863,5.66488,0
            -73.7188,5.665,0
            -73.71898,5.66509,0
            -73.71922,5.66518,0
            -73.71923,5.66518,0
            -73.71957,5.66531,0
            -73.71958,5.66531,0
            -73.71966,5.66535,0
            -73.71972,5.66539,0
            -73.71982,5.66544,0
            -73.71989,5.66549,0
            -73.71992,5.66553,0
            -73.71997,5.66558,0
            -73.72001,5.66561,0
            -73.72004,5.66565,0
            -73.72019,5.66596,0
            -73.72038,5.66623,0
            -73.72054,5.66641,0
            -73.72061,5.66645,0
            -73.72182,5.66694,0
            -73.72198,5.66702,0
            -73.72205,5.66704,0
            -73.7226,5.66734,0
            -73.72272,5.66746,0
            -73.72274,5.66749,0
            -73.72278,5.66753,0
            -73.72283,5.66756,0
            -73.72292,5.66759,0
            -73.72328,5.66766,0
            -73.72333,5.66766,0
            -73.72336,5.66767,0
            -73.72338,5.66762,0
            -73.72341,5.66758,0
            -73.7236,5.66747,0
            -73.72376,5.66741,0
            -73.72386,5.66734,0
            -73.72388,5.66731,0
            -73.72391,5.66729,0
            -73.72401,5.66716,0
            -73.72404,5.66714,0
            -73.72407,5.66713,0
            -73.7241,5.66711,0
            -73.72414,5.6671,0
            -73.72417,5.6671,0
            -73.72422,5.66709,0
            -73.72456,5.66708,0
            -73.72458,5.66709,0
            -73.72489,5.66711,0
            -73.72509,5.66716,0
            -73.72522,5.66718,0
            -73.72547,5.66718,0
            -73.7259,5.66715,0
            -73.72663,5.66719,0
            -73.72669,5.6672,0
            -73.72674,5.6672,0
            -73.72675,5.66721,0
            -73.72687,5.66723,0
            -73.72694,5.66725,0
            -73.72714,5.66736,0
            -73.72722,5.66739,0
            -73.72737,5.66742,0
            -73.72756,5.66742,0
            -73.72776,5.66739,0
            -73.72779,5.66738,0
            -73.72789,5.66738,0
            -73.72812,5.66744,0
            -73.72844,5.66759,0
            -73.72846,5.66759,0
            -73.72859,5.66766,0
            -73.72875,5.6677,0
            -73.72891,5.6677,0
            -73.72893,5.66769,0
            -73.72908,5.66769,0
            -73.7291,5.6677,0
            -73.72914,5.6677,0
            -73.72916,5.66771,0
            -73.72917,5.66771,0
            -73.72922,5.66773,0
            -73.72923,5.66774,0
            -73.72926,5.66774,0
            -73.72928,5.66775,0
            -73.72944,5.66775,0
            -73.72947,5.66774,0
            -73.72956,5.66773,0
            -73.73001,5.66763,0
            -73.73009,5.66762,0
            -73.7302,5.66759,0
            -73.73034,5.66752,0
            -73.73038,5.66749,0
            -73.7305,5.66744,0
            -73.73051,5.66743,0
            -73.73058,5.66741,0
            -73.73063,5.66741,0
            -73.7307,5.6674,0
            -73.73077,5.6674,0
            -73.73084,5.66741,0
            -73.73098,5.66741,0
            -73.73104,5.66742,0
            -73.73118,5.66742,0
            -73.73124,5.66741,0
            -73.73149,5.66733,0
            -73.73164,5.66723,0
            -73.73171,5.66715,0
            -73.73188,5.6669,0
            -73.732,5.66675,0
            -73.73217,5.66658,0
            -73.73245,5.66635,0
            -73.7326,5.66625,0
            -73.73287,5.6661,0
            -73.7331,5.666,0
            -73.73343,5.66589,0
            -73.73356,5.66583,0
            -73.73359,5.66583,0
            -73.73361,5.66582,0
            -73.73379,5.66582,0
            -73.73399,5.66579,0
            -73.73403,5.66577,0
            -73.7341,5.66579,0
            -73.73442,5.66577,0
            -73.7345,5.66575,0
            -73.73454,5.66575,0
            -73.73458,5.66573,0
            -73.73469,5.6657,0
            -73.73471,5.6657,0
            -73.73474,5.66569,0
            -73.73479,5.66569,0
            -73.73481,5.6657,0
            -73.73485,5.6657,0
            -73.7349,5.66571,0
            -73.73495,5.66573,0
            -73.73516,5.66576,0
            -73.73521,5.66578,0
            -73.73526,5.66579,0
            -73.73567,5.66598,0
            -73.73578,5.66601,0
            -73.73607,5.66601,0
            -73.73625,5.66599,0
            -73.73636,5.66599,0
            -73.73696,5.66609,0
            -73.73719,5.66609,0
            -73.73739,5.66607,0
            -73.7375,5.66604,0
            -73.73767,5.66604,0
            -73.73774,5.66606,0
            -73.7381,5.66625,0
            -73.73817,5.66627,0
            -73.73831,5.66637,0
            -73.7384,5.66646,0
            -73.73848,5.66652,0
            -73.7387,5.66664,0
            -73.73902,5.66677,0
            -73.73905,5.66677,0
            -73.73911,5.66679,0
            -73.73916,5.66683,0
            -73.7392,5.66685,0
            -73.73922,5.66687,0
            -73.73923,5.66687,0
            -73.73925,5.66688,0
            -73.73926,5.66688,0
            -73.73928,5.66689,0
            -73.73932,5.66689,0
            -73.73933,5.66688,0
            -73.73936,5.66688,0
            -73.73945,5.66685,0
            -73.73951,5.66684,0
            -73.73955,5.66684,0
            -73.73956,5.66683,0
            -73.73961,5.66682,0
            -73.73974,5.66682,0
            -73.7404,5.66695,0
            -73.7405,5.66698,0
            -73.74067,5.66701,0
            -73.7407,5.66701,0
            -73.74075,5.66702,0
            -73.74082,5.66702,0
            -73.74093,5.66699,0
            -73.7413,5.66674,0
            -73.74164,5.66658,0
            -73.74175,5.66655,0
            -73.74193,5.66652,0
            -73.74199,5.66652,0
            -73.74238,5.66647,0
            -73.74248,5.66647,0
            -73.74286,5.6664,0
            -73.74334,5.66623,0
            -73.7435,5.66619,0
            -73.74351,5.66618,0
            -73.74374,5.66612,0
            -73.74392,5.66604,0
            -73.74407,5.66599,0
            -73.74422,5.66596,0
            -73.7444,5.6659,0
            -73.74455,5.66587,0
            -73.74457,5.66587,0
            -73.74473,5.66583,0
            -73.74477,5.66581,0
            -73.74486,5.66579,0
            -73.74496,5.66575,0
            -73.74497,5.66574,0
            -73.74503,5.66571,0
            -73.74512,5.66564,0
            -73.74515,5.6656,0
            -73.74523,5.66552,0
            -73.74532,5.66538,0
            -73.74543,5.66526,0
            -73.74561,5.66511,0
            -73.74568,5.66502,0
            -73.74572,5.66495,0
            -73.74584,5.66466,0
            -73.74585,5.66466,0
            -73.74586,5.66465,0
            -73.74588,5.66464,0
            -73.74589,5.66463,0
            -73.74591,5.66463,0
            -73.74593,5.66462,0
            -73.74605,5.66462,0
            -73.7462,5.66468,0
            -73.74648,5.66476,0
            -73.74676,5.66479,0
            -73.74696,5.66479,0
            -73.74747,5.66492,0
            -73.74754,5.66495,0
            -73.74782,5.66514,0
            -73.74784,5.66514,0
            -73.74786,5.66515,0
            -73.74793,5.66515,0
            -73.74795,5.66514,0
            -73.74797,5.66514,0
            -73.74799,5.66513,0
            -73.74801,5.66513,0
            -73.74815,5.66507,0
            -73.74877,5.66508,0
            -73.74888,5.6651,0
            -73.74895,5.66513,0
            -73.74899,5.66514,0
            -73.74902,5.66516,0
            -73.74908,5.66517,0
            -73.74913,5.66519,0
            -73.74924,5.66521,0
            -73.7495,5.66521,0
            -73.74967,5.66518,0
            -73.74978,5.66513,0
            -73.74979,5.66513,0
            -73.74982,5.6651,0
            -73.75003,5.66495,0
            -73.75068,5.66466,0
            -73.75077,5.6646,0
            -73.75078,5.66458,0
            -73.75085,5.66469,0
            -73.75086,5.66472,0
            -73.75087,5.66479,0
            -73.75087,5.66484,0
            -73.75088,5.66486,0
            -73.75088,5.66488,0
            -73.75089,5.6649,0
            -73.75092,5.66493,0
            -73.75097,5.66493,0
            -73.75106,5.6649,0
            -73.7512,5.6648,0
            -73.75126,5.66474,0
            -73.75152,5.66442,0
            -73.75155,5.6644,0
            -73.7516,5.66433,0
            -73.75167,5.66426,0
            -73.75174,5.66423,0
            -73.75191,5.66418,0
            -73.75195,5.66418,0
            -73.75223,5.66407,0
            -73.75225,5.66405,0
            -73.75227,5.66404,0
            -73.75229,5.664,0
            -73.75229,5.66398,0
            -73.75231,5.66396,0
            -73.75231,5.66394,0
            -73.75232,5.66392,0
            -73.75233,5.66391,0
            -73.75234,5.66388,0
            -73.75236,5.66387,0
            -73.75236,5.66386,0
            -73.75237,5.66385,0
            -73.75241,5.66383,0
            -73.75244,5.66383,0
            -73.75281,5.66393,0
            -73.75314,5.66397,0
            -73.75325,5.66396,0
            -73.75329,5.66394,0
            -73.75332,5.66391,0
            -73.75335,5.66385,0
            -73.75336,5.66384,0
            -73.75342,5.66371,0
            -73.75344,5.66368,0
            -73.75345,5.66364,0
            -73.75351,5.66355,0
            -73.75368,5.66339,0
            -73.75378,5.66332,0
            -73.75379,5.66332,0
            -73.75383,5.66329,0
            -73.75388,5.66327,0
            -73.75396,5.66322,0
            -73.7544,5.66264,0
            -73.75445,5.6625,0
            -73.75446,5.66239,0
            -73.75446,5.66219,0
            -73.75449,5.66212,0
            -73.7545,5.66208,0
            -73.75452,5.66205,0
            -73.75489,5.66165,0
            -73.75498,5.66159,0
            -73.75528,5.66147,0
            -73.75532,5.66146,0
            -73.75545,5.6614,0
            -73.75549,5.66139,0
            -73.75608,5.66111,0
            -73.75624,5.66095,0
            -73.75628,5.66089,0
            -73.75635,5.66084,0
            -73.75639,5.66082,0
            -73.75661,5.66077,0
            -73.75691,5.66073,0
            -73.75706,5.66075,0
            -73.7571,5.66074,0
            -73.75739,5.66073,0
            -73.75742,5.66072,0
            -73.75747,5.66072,0
            -73.75759,5.66067,0
            -73.7576,5.66066,0
            -73.75769,5.66062,0
            -73.75775,5.66058,0
            -73.75776,5.66058,0
            -73.75781,5.66053,0
            -73.75805,5.66036,0
            -73.7581,5.66034,0
            -73.75816,5.6603,0
            -73.75819,5.66029,0
            -73.7582,5.66029,0
            -73.75821,5.66028,0
            -73.75823,5.66028,0
            -73.75837,5.66025,0
            -73.75841,5.66025,0
            -73.75846,5.66024,0
            -73.75856,5.66026,0
            -73.75858,5.66028,0
            -73.75862,5.6603,0
            -73.75864,5.66032,0
            -73.7587,5.66036,0
            -73.75872,5.66036,0
            -73.75875,5.66037,0
            -73.7589,5.66045,0
            -73.75896,5.66047,0
            -73.75922,5.66051,0
            -73.7594,5.66052,0
            -73.75941,5.66053,0
            -73.76019,5.66054,0
            -73.76023,5.66055,0
            -73.76034,5.6606,0
            -73.76037,5.66062,0
            -73.76044,5.66069,0
            -73.76045,5.66069,0
            -73.76047,5.66071,0
            -73.76056,5.66076,0
            -73.76065,5.66078,0
            -73.7612,5.66074,0
            -73.76133,5.66072,0
            -73.76141,5.66069,0
            -73.76148,5.66065,0
            -73.76149,5.66065,0
            -73.76157,5.66061,0
            -73.76229,5.66035,0
            -73.76356,5.65996,0
            -73.76373,5.65995,0
            -73.76381,5.65997,0
            -73.764,5.66005,0
            -73.76403,5.66007,0
            -73.76406,5.66008,0
            -73.76434,5.6601,0
            -73.76477,5.6601,0
            -73.76493,5.66015,0
            -73.76505,5.66017,0
            -73.76508,5.66018,0
            -73.7652,5.66018,0
            -73.76529,5.66016,0
            -73.76595,5.65986,0
            -73.76599,5.65983,0
            -73.76602,5.65982,0
            -73.76605,5.6598,0
            -73.76607,5.6598,0
            -73.76609,5.65979,0
            -73.7661,5.65979,0
            -73.76613,5.6598,0
            -73.76616,5.6598,0
            -73.7663,5.65984,0
            -73.76665,5.65949,0
            -73.76673,5.65943,0
            -73.76681,5.6594,0
            -73.76688,5.65936,0
            -73.76691,5.65933,0
            -73.76694,5.65931,0
            -73.76697,5.6593,0
            -73.76699,5.65928,0
            -73.76701,5.65927,0
            -73.76711,5.65916,0
            -73.76716,5.65908,0
            -73.76742,5.65828,0
            -73.76742,5.65825,0
            -73.76751,5.65806,0
            -73.76755,5.658,0
            -73.76759,5.65796,0
            -73.76761,5.65795,0
            -73.76764,5.65792,0
            -73.76766,5.65791,0
            -73.76768,5.65789,0
            -73.7678,5.65784,0
            -73.76798,5.6578,0
            -73.76882,5.65772,0
            -73.76895,5.65769,0
            -73.76904,5.65763,0
            -73.76908,5.65756,0
            -73.7691,5.65755,0
            -73.76915,5.65748,0
            -73.7692,5.65743,0
            -73.76921,5.65741,0
            -73.76934,5.65725,0
            -73.7695,5.65702,0
            -73.76962,5.65682,0
            -73.76983,5.65612,0
            -73.76986,5.65609,0
            -73.76987,5.65607,0
            -73.76989,5.65605,0
            -73.76991,5.65604,0
            -73.76993,5.65601,0
            -73.77017,5.65585,0
            -73.7713,5.65494,0
            -73.77228,5.6541,0
            -73.77237,5.65398,0
            -73.77241,5.65394,0
            -73.7726,5.65361,0
            -73.77266,5.65355,0
            -73.77271,5.65352,0
            -73.77276,5.65351,0
            -73.77279,5.65351,0
            -73.77282,5.65352,0
            -73.77375,5.65412,0
            -73.77376,5.65413,0
            -73.77653,5.65588,0
            -73.77779,5.65679,0
            -73.77802,5.65701,0
            -73.77807,5.65707,0
            -73.77825,5.65742,0
            -73.77831,5.65751,0
            -73.77839,5.65759,0
            -73.77848,5.65764,0
            -73.77849,5.65764,0
            -73.77852,5.65766,0
            -73.77866,5.65769,0
            -73.77889,5.65769,0
            -73.78405,5.65708,0
            -73.78542,5.65695,0
            -73.78551,5.65695,0
            -73.78562,5.65697,0
            -73.78577,5.65706,0
            -73.78578,5.65708,0
            -73.78676,5.65808,0
            -73.78776,5.65763,0
            -73.78877,5.65705,0
            -73.7894,5.65674,0
            -73.79,5.65637,0
            -73.79217,5.6547,0
            -73.79255,5.65434,0
            -73.79279,5.65402,0
            -73.79434,5.65154,0
            -73.79529,5.64957,0
            -73.79561,5.64904,0
            -73.79601,5.64865,0
            -73.79897,5.64602,0
            -73.79931,5.64561,0
            -73.8006,5.64374,0
            -73.80086,5.64326,0
            -73.80123,5.64146,0
            -73.80126,5.64116,0
            -73.80124,5.64078,0
            -73.80103,5.63872,0
            -73.80104,5.63868,0
            -73.80104,5.63857,0
            -73.80106,5.63842,0
            -73.80106,5.63836,0
            -73.80107,5.63829,0
            -73.80114,5.63804,0
            -73.80135,5.63754,0
            -73.80158,5.63713,0
            -73.80269,5.6355,0
            -73.80293,5.63518,0
            -73.80531,5.63269,0
            -73.80603,5.63198,0
            -73.80678,5.63119,0
            -73.80678,5.63116,0
            -73.80682,5.63105,0
            -73.80815,5.62868,0
            -73.80826,5.62843,0
            -73.80837,5.62811,0
            -73.80856,5.6272,0
            -73.80906,5.62514,0
            -73.80911,5.62499,0
            -73.80936,5.62395,0
            -73.80936,5.62385,0
            -73.80931,5.62385,0
            -73.80931,5.62384,0
            -73.80929,5.62384,0
            -73.80928,5.62383,0
            -73.80927,5.62383,0
            -73.80927,5.62382,0
            -73.80926,5.62382,0
            -73.80926,5.62381,0
            -73.80925,5.62381,0
            -73.80925,5.6238,0
            -73.80924,5.62379,0
            -73.80923,5.62377,0
            -73.80923,5.62371,0
            -73.80924,5.6237,0
            -73.80924,5.62369,0
            -73.80925,5.62368,0
            -73.80925,5.62367,0
            -73.80926,5.62367,0
            -73.80926,5.62366,0
            -73.80927,5.62366,0
            -73.80927,5.62365,0
            -73.80928,5.62365,0
            -73.80929,5.62364,0
            -73.80931,5.62364,0
            -73.80931,5.62363,0
            -73.80934,5.62363,0
            -73.80937,5.62357,0
            -73.80937,5.62354,0
            -73.80936,5.62353,0
            -73.80934,5.62348,0
            -73.80927,5.62341,0
            -73.80919,5.62336,0
            -73.80918,5.62335,0
            -73.80918,5.62334,0
            -73.80917,5.62333,0
            -73.80917,5.62325,0
            -73.80919,5.62321,0
            -73.80928,5.62308,0
            -73.80929,5.62304,0
            -73.80929,5.62301,0
            -73.80928,5.623,0
            -73.80927,5.62298,0
            -73.8091,5.62281,0
            -73.80877,5.62253,0
            -73.80902,5.62218,0
            -73.80977,5.62123,0
            -73.81031,5.62031,0
            -73.81052,5.62,0
            -73.81073,5.61979,0
            -73.81086,5.61968,0
            -73.81104,5.61949,0
            -73.81117,5.61933,0
            -73.81126,5.61919,0
            -73.81173,5.61832,0
            -73.81182,5.61812,0
            -73.81228,5.61725,0
            -73.81232,5.6172,0
            -73.81209,5.61691,0
            -73.81227,5.61652,0
            -73.81236,5.61609,0
            -73.81236,5.61607,0
            -73.81237,5.61604,0
            -73.81237,5.61599,0
            -73.81236,5.61597,0
            -73.81236,5.61594,0
            -73.8123,5.61578,0
            -73.8123,5.61571,0
            -73.81235,5.61555,0
            -73.81235,5.61554,0
            -73.81236,5.61551,0
            -73.81236,5.61531,0
            -73.81235,5.61527,0
            -73.81233,5.61523,0
            -73.81214,5.61498,0
            -73.81266,5.61445,0
            -73.81257,5.61403,0
            -73.81255,5.61375,0
            -73.81258,5.61369,0
            -73.81258,5.61364,0
            -73.81257,5.61361,0
            -73.81257,5.61353,0
            -73.81256,5.61349,0
            -73.81256,5.61344,0
            -73.81258,5.61336,0
            -73.8126,5.61332,0
            -73.81216,5.61296,0
            -73.8121,5.6129,0
            -73.81162,5.6133,0
          </coordinates>
        </LineString>
      </Placemark>
      <Placemark>
        <name>Monasterio de Santo Eccehomo, Santo Ecce Homo, Santa Sofía, Boyaca</name>
        <styleUrl>#icon-1899-DB4436-nodesc</styleUrl>
        <Point>
          <coordinates>
            -73.5950431,5.678364,0
          </coordinates>
        </Point>
      </Placemark>
      <Placemark>
        <name>Virgen De La Piedra De Suta, Hacienda Numalia, Sutamarchán, Boyaca</name>
        <styleUrl>#icon-1899-DB4436-nodesc</styleUrl>
        <Point>
          <coordinates>
            -73.6138965,5.6522679,0
          </coordinates>
        </Point>
      </Placemark>
      <Placemark>
        <name>Juan Pablo Segundo Segunda Etapa, Chiquinquirá, Boyacá, Colombia</name>
        <styleUrl>#icon-1899-DB4436-nodesc</styleUrl>
        <Point>
          <coordinates>
            -73.8116241,5.6132963,0
          </coordinates>
        </Point>
      </Placemark>
    </Folder>
  </Document>
</kml>
